Compound ChEMBL ID and structure,,SMILES,Compound generic name, Molar mass (g/mol),Basic pKa,Acidic pKa,LogD,Number of aromatic rings,Melanin binding Fraction unbound (%)
CHEMBL605,,CCN(CC)CCNC(=O)c1ccc(cc1)N.Cl,PROCAINAMIDE HYDROCHLORIDE,271.79,8.7,11.9,-0.3,1,1.7
CHEMBL1379811,,COCCNC(=O)CN1C2CCC1CC(C2)(c3cccnc3)O,,319.4,7.6,,0.7,1,38.7
CHEMBL275006,,CC1=NN=C(c2cc3c(cc2C1)OCO3)c4ccc(cc4)N,GYKI-52466,293.32,8.5,,1.7,2,10.5
CHEMBL274099,,CC1C2Cc3ccc(cc3C1(CCN2CC=C)C)O,,257.37,8.9,10.4,1.5,1,44.8
CHEMBL12658,,COc1ccc(cc1)c2coc3cc(ccc3c2=O)OC,,282.29,,,3.3,2,5.5
CHEMBL16687,,c1cc(oc1)c2nc3c4cc(ccc4nc(n3n2)N)Cl,CGS-15943,285.69,7.2,,2.7,4,1
CHEMBL597,,Cc1ccc(cc1)N(CC2=NCCN2)c3cccc(c3)O,PHENTOLAMINE,281.35,7.6,10,2.1,2,7.9
CHEMBL18785,,COc1ccc2c(c1)c(c[nH]2)C3=CCNCC3,RU-24969,228.29,10.8,,-0.1,2,0.2
CHEMBL19633,,COc1ccc(cc1OC)Cc2cnc(nc2N)N,DIAVERIDINE,260.29,7,,0.8,2,2.2
CHEMBL20734,,CC1C(CCN1Cc2ccccc2)NC(=O)c3cc(c(cc3OC)NC)Cl,NEMONAPRIDE,387.9,7.7,9.3,3,2,0.3
CHEMBL22077,,CCN(CC)CCNc1ccc(c2c1c(=O)c3ccccc3s2)CO,HYCANTHONE,356.48,8.5,,2.5,2,0.1
CHEMBL715,,Cc1cc2c(s1)Nc3ccccc3N=C2N4CCN(CC4)C,OLANZAPINE,312.43,7.7,,2.1,2,0.8
CHEMBL31836,,c1ccc2c(c1)OCC(O2)CN3CCCCC3,PIPEROXAN,233.31,8.4,,1.5,1,37.6
CHEMBL34440,,CC(c1cc2cccnc2s1)N(C(=O)N)O,,237.28,2.8,9.6,1.2,2,71.2
CHEMBL839,,CC(C)(C)NCC(COc1cccc2c1CCC(=O)N2)O,CARTEOLOL,292.37,9.3,,-0.4,1,8.7
CHEMBL296566,,c1ccc(cc1)c2c([n+]3cccc(c3s2)[N+](=O)[O-])[O-],,272.28,,6,1,3,1.8
CHEMBL304902,,CN1CCN(CC1)C2=Nc3ccccc3Sc4c2cc(cc4)Cl,CLOTHIAPINE,343.87,7.7,,3.5,2,9.5
CHEMBL1043,,c1cc(ccc1N)S(=O)(=O)c2ccc(cc2)N,DAPSONE,248.3,2.4,,0.7,2,37.5
CHEMBL120661,,Cc1c(c(=O)oc2c1ccc(c2)OCCCN3CCN(CC3)c4ccccc4)C,,392.49,7.6,,3.4,2,0.2
CHEMBL351231,,C[C@@H]1CCCN1CCc2cc3cc(ccc3o2)c4ccc(cc4)C#N,,330.42,9.6,,3,3,0.2
CHEMBL161781,,CC1CCCN1CCc2cc3cc(ccc3o2)c4ccc(cc4)C#N,,330.42,9.6,,3,3,1.8
CHEMBL181529,,COc1cc(ccc1O)/C=C/c2cc(on2)/C=C/c3ccc(c(c3)OC)O,,365.38,,8,3.2,3,0.5
CHEMBL183513,,COc1c(cc2c(c1O)c(=O)cc(o2)c3ccccc3)O,OROXYLIN A,284.26,,4.7,1.6,2,0.7
CHEMBL439338,,CC(C)(C)c1nc(cc(n1)N2CCN(CC2)CCCSc3nccc(n3)O)C(F)(F)F,,456.53,6.6,7.8,3,1,5.4
CHEMBL1407,,CN1CCc2cc(c(cc2C1Cc3ccc(c(c3)OC)OC)OC)OC,LAUDANOSINE,357.44,8.2,,2,2,4.6
CHEMBL1409,,COCCCC/C(=N\OCCN)/c1ccc(cc1)C(F)(F)F.C(=C\C(=O)O)\C(=O)O,FLUVOXAMINE MALEATE,434.41,9.1,,1.6,1,19.5
CHEMBL218790,,c1cc(ccc1/C=C/C(=O)N2CCC[C@H]2CN3CCCC3)C(F)(F)F,,352.39,8.8,,2,1,3
CHEMBL386630,,C[C@]12CC[C@H]3[C@H]([C@@H]1CC[C@@H]2O)CCC4=CC(=O)CC[C@]34C,TESTOSTERONE,288.42,,,3.4,0,20.8
CHEMBL184,,c1nc2c(=O)[nH]c(nc2n1COCCO)N,ACYCLOVIR,225.2,3.1,9.1,-0.2,1,81.9
CHEMBL237500,,CC#CCn1c2c(nc1N3CCC[C@H](C3)N)n(c(=O)n(c2=O)Cc4nc(c5ccccc5n4)C)C,LINAGLIPTIN,472.54,8.8,,0.5,3,1.2
CHEMBL241098,,COc1cccc(c1)C2c3c(c4ccccc4[nH]3)CCN2,,278.35,6.7,,2.9,3,2
CHEMBL251940,,c1ccc2c(c1)N(c3cc(ccc3S2)C#N)CCCN4CCC(CC4)O,PERICIAZINE,365.49,9,,1.8,2,0.3
CHEMBL1542,,Cn1cnc(c1Sc2c3c([nH]cn3)ncn2)[N+](=O)[O-],AZATHIOPRINE,277.26,,8.3,2.6,3,73.3
CHEMBL1559,,c1cc(c(cc1Cl)Cl)COC(Cn2ccnc2)c3ccc(cc3Cl)Cl.[N+](=O)(O)[O-],MICONAZOLE NITRATE,479.14,6.3,,4,3,0.7
CHEMBL453291,,COc1cc2c(cc1O)C(NCC2)Cc3ccc(cc3)O,COCLAURINE,285.34,9,10,0.7,2,1.5
CHEMBL1564,,CN1CCC(CC1)OC(c2ccccc2)c3ccccc3.Cl,DIPHENYLPYRALINE HYDROCHLORIDE,317.85,9.5,,2.1,2,32.7
CHEMBL507026,,CC(=O)Nc1c-2sscc2n(c1=O)C,THIOLUTIN,228.29,,8.2,1.2,0,11.4
CHEMBL556001,,COc1cccc(c1OCCNCC2COc3ccccc3O2)OC.Cl,"2- (2,6-DIMETHOXYPHENOXYETHYL)AMINOMETHYL-1,4-BENZODIOXANE HYDROCHLORIDE (WB 4101)",381.85,7.3,,2.6,2,2.2
CHEMBL554891,,c1ccc(cc1)C2CN3CCSC3=N2.Cl,TETRAMISOLE HYDROCHLORIDE,240.75,8,,1.2,1,34
CHEMBL555654,,CCN(CC)CCOC(=O)C(c1ccccc1)c2ccccc2.Cl,ADIPHENINE HYDROCHLORIDE,347.88,8.5,,2.6,2,30.9
CHEMBL1717,,c1ccc(c(c1)CN2CCc3c(ccs3)C2)Cl.Cl,TICLOPIDINE HYDROCHLORIDE,300.25,7.4,,3,2,25.4
CHEMBL541105,,CC(c1cccc2c1cccc2)c3c[nH]cn3.Cl,,258.75,6.3,,2.9,3,2
CHEMBL576556,,c1ccc2c(c1)n(c(=N)n2CC(COc3ccc(cc3)Cl)O)CCN4CCCCC4.Cl,,465.42,12.4,,1.4,2,0.1
CHEMBL1081913,,CC(C)(C)OC(=O)N1CCC(CC1)OCc2nc(no2)c3ccncc3,,360.41,3.8,,2.6,2,44.5
CHEMBL1076356,,CC1(CON(C1=O)Cc2ccccc2Cl)C,CLOMAZONE,239.7,,,2,1,69.2
CHEMBL1201159,,CCC(=O)N(c1ccccc1)C2CCN(CC2)CCc3ccccc3.Cl,FENTANYL HYDROCHLORIDE,372.93,8.6,,2.7,2,10.7
CHEMBL1201273,,CC(Cc1ccc2c(c1)OCO2)NCC(c3ccc(c(c3)O)O)O,PROTOKYLOL,331.36,8.3,9.6,1,2,2.3
CHEMBL1213352,,C#CCN1c2ccc(cc2C(=NCC1=O)c3ccccc3)Cl,PINAZEPAM,308.76,3.2,,2.8,2,54.8
CHEMBL1255648,,c1cc2c(cc1C(=O)N3CCCCC3)OCCO2,,247.29,,,1.5,1,91.6
CHEMBL1256695,,CNCCC(c1ccccc1)Oc2ccccc2OC.Cl,NISOXETINE HYDROCHLORIDE,307.82,9.7,,1,2,20
CHEMBL1320043,,Cc1csc2c1ncnc2N3CCCCC3,,233.33,6.7,,3.2,2,6.5
CHEMBL1360370,,c1cc(sc1)Cn2c(nnn2)CN3CCC(CC3)(c4ccc(cc4)F)O,,373.45,4.6,,2.1,3,46.3
CHEMBL1363423,,CCOC(=O)Cc1csc2n1nc(n2)c3ccccc3,,287.34,,,2.8,3,29.8
CHEMBL1377258,,c1ccc(cc1)OCC(=O)Nc2nnc(o2)c3ccco3,,285.25,,7.9,2.1,3,26.3
CHEMBL1377408,,c1cc(ccc1OCC(=O)N2CCN(CC2)Cc3ccc4c(c3)OCO4)Cl.Cl,FIPEXIDE HYDROCHLORIDE,425.31,6.6,,3,2,0.9
CHEMBL1382302,,c1cc(cc(c1)OCc2cn3cccnc3n2)[N+](=O)[O-],,270.24,4.7,,2.2,3,7.3
CHEMBL1401665,,Cc1c(c(=O)nc(n1c2ccccc2O)C)c3ccccc3,,292.33,3.7,10.1,1.5,2,94.6
CHEMBL1402633,,c1ccc2c(c1)c3c(o2)c(ncn3)NCCCn4ccnc4.Cl,,329.78,7.4,,2.5,4,0.1
CHEMBL1414111,,c1cc(ccc1C(=O)Cn2c(=O)c(c(cn2)N3CCOCC3)Cl)Cl,,368.21,3.5,,2.2,1,20.6
CHEMBL1428380,,Cn1c2c(c(=O)n(c1=O)C)C(C(=O)N2)CC(=O)Nc3ccccc3OC,,358.35,,5.8,0.2,1,72.6
CHEMBL1469070,,c1ccc(cc1)CN2CCC(CC2)NC(=O)COc3ccc4ccc(=O)oc4c3,,392.45,8.7,,1.9,2,0.2
CHEMBL1471315,,CO/N=C/NC(=O)NOCc1ccc(cc1Cl)Cl,,292.12,7.1,10.1,2.4,1,25.8
CHEMBL1474889,,CC(CN(C)C)C(C)(Cc1ccc(cc1)Cl)O,CLOBUTINOL,255.78,9.5,,1.2,1,28.8
CHEMBL1477274,,CCC1(CCCCN(C1)C)c2cccc(c2)O.Cl,MEPTAZINOL HYDROCHLORIDE,269.81,9.2,9.9,1.2,1,76.7
CHEMBL1488566,,CN1CCCN(CC1)Cc2ccc(cc2)SC,,250.4,8.4,,1.3,1,0.6
CHEMBL1496027,,c1ccc2c(c1)c(=O)n(cn2)CC(=O)NCc3ccc4c(c3)OCO4,,337.33,,,1.4,2,15.3
CHEMBL1497019,,COc1ccc2c(c1)sc3n2cc(n3)c4ccccc4,,280.34,4.3,,3.5,4,0.9
CHEMBL1510596,,CCn1c2ccccc2nc1CCCNC(=O)c3ccco3,,297.35,6.7,11.8,2.7,3,10.7
CHEMBL1511942,,Cc1c(n(c2c1c(ncn2)NCCCN(C)C)c3ccccc3)C,,323.44,9.2,,1.6,3,3.1
CHEMBL1531641,,c1ccc2c(c1)nc(s2)c3cccc(c3)N4C(=O)c5ccc(cc5C4=O)C(=O)O,,400.41,2.1,2.9,0.8,4,14.5
CHEMBL1532190,,Cc1nn2cc(nc2s1)c3ccc(cc3)Cl.Br,,330.63,4.7,,3.2,3,6
CHEMBL1539718,,Cc1ccc2c(c1)c(c3c(n2)N(CC3)c4ccccc4)N.C(=O)(C(=O)O)O,,365.38,9.2,,2.5,3,0.1
CHEMBL1543632,,c1ccc(cc1)Nc2ccc3ccccc3c2,,219.28,2.3,,4,3,8
CHEMBL1563428,,COc1ccc(cc1)NC(=O)c2cc(on2)c3ccco3,,284.27,,11.5,3.2,3,29.2
CHEMBL1565691,,CC(=O)Nc1ccc2c(c1)ncn2c3ccccc3,,251.28,4.8,12,2.5,3,8.9
CHEMBL1592490,,CCc1ccc2cccc3c2c1N=CN3C,,210.27,6.7,,2.9,2,0.5
CHEMBL1600790,,COC(=O)c1cc2c(nc3ccccn3c2=O)n(c1=N)Cc4cccnc4,,361.35,9.7,,0.6,1,0.2
CHEMBL1601217,,c1ccc(cc1)C(=O)CSc2nnc(o2)c3ccco3,,286.31,,,2.8,3,7.3
CHEMBL1625831,,c1cc(c(cc1Br)C2=CSC3=NCCN23)O,,297.17,8.2,7.6,1.8,1,2
CHEMBL1626090,,CCN(CC)c1c(c(c2ccccc2n1)N)c3ccccc3,,291.39,9.5,,2.7,3,0.6
CHEMBL1808211,,c1ccc(cc1)c2nc3ccccc3c(n2)N4CCOCC4,,291.35,5.7,,3.4,3,1.8
CHEMBL1872270,,c1ccc(cc1)Cn2cncc2c3ccccc3O,,250.3,5.8,9.5,3,3,13.7
CHEMBL2030633,,COc1ccc(cc1OC)CN2CCCC2,,221.3,8.9,,0.6,1,25.5
CHEMBL2103863,,CN(C)Cc1c2ccccc2oc1C(=O)NCCOc3ccc(cc3)C(=O)NO,ABEXINOSTAT,397.42,8,8.5,1.7,3,0.2
CHEMBL2104110,,C1CC=C(C1)C2(CCCC2=O)CCN3CCOCC3,CYCLEXANONE,263.38,7,,2.4,0,62.8
CHEMBL2104164,,c1ccc2c(c1)CN(C(=O)O2)CC(=O)N,CAROXAZONE,206.2,,,0.4,1,94.6
CHEMBL2105338,,CCCCCCn1c(=O)c2c(ncn2C)n(c1=O)C,PENTIFYLLINE,264.32,,,2.4,1,45.7
CHEMBL2105458,,CN1CCC(CC1)N(Cc2cccs2)c3ccccc3,THENALIDINE,286.43,9.3,,2,2,7
CHEMBL2111119,,CN(C)C1CCCc2c1c(ccc2OC)Cl,LOMETRALINE,239.74,7.9,,2.3,1,21.8
CHEMBL2133677,,Cc1ccc(cc1)NC(=O)Cn2c3ccccc3c(=O)n(c2=O)Cc4ccc5c(c4)OCO5,,443.45,,,3.4,3,29.7
CHEMBL2347651,,Cc1ccc(cc1)C(=O)N(CCCN)[C@@H](c2nc3cc(ccc3c(=O)n2Cc4ccccc4)Cl)C(C)C.CS(=O)(=O)O,,613.17,9.9,,2.6,3,3.5
CHEMBL2354637,,CCC(CC)(c1ccccc1)C(=O)OCCOCCN(CC)CC.C(C(=O)O)C(CC(=O)O)(C(=O)O)O,,527.6,8.8,,2.4,1,42.8
CHEMBL3199813,,c1cc(sc1/C=N/n2cnnc2)Br,,257.11,6.3,,1.1,2,13.1
CHEMBL3207989,,Cc1nnc(n1/N=C/c2cccnc2)C,,201.23,5.5,,0.5,2,66.7
CHEMBL3288556,,Cc1ccn2cc(nc2c1)c3ccc(cc3)[N+](=O)[O-],,253.26,5.4,,3,3,2
CHEMBL3354415,,CCCCCSc1nc2c(c3ccccc3n2C)nn1,,286.4,6.2,,3.5,3,3.7
CHEMBL3444073,,Cc1c2c([nH]n1)NC(=O)CSC2c3ccsc3,,265.35,11.6,8.6,0.8,1,65.3
CHEMBL3450259,,CN1CCN(CC1)Cc2c3cccnc3[nH]c2c4ccco4,,296.37,8.8,,1.1,3,0.3
CHEMBL4,,CC1COc2c3n1cc(c(=O)c3cc(c2N4CCN(CC4)C)F)C(=O)O,OFLOXACIN,361.37,7.9,6.1,-0.4,1,0.8
CHEMBL22,,COc1cc(cc(c1OC)OC)Cc2cnc(nc2N)N,TRIMETHOPRIM,290.32,7,,0.6,2,5.5
CHEMBL30,,Cc1c(nc[nH]1)CSCCN/C(=N\C#N)/NC,CIMETIDINE,252.34,6.4,,0.5,1,12.3
CHEMBL33,,C[C@H]1COc2c3n1cc(c(=O)c3cc(c2N4CCN(CC4)C)F)C(=O)O,LEVOFLOXACIN,361.37,7.9,6.1,-0.4,1,0.6
CHEMBL451,,CNC1=Nc2ccc(cc2C(=[N+](C1)[O-])c3ccccc3)Cl,CHLORDIAZEPOXIDE,299.75,4.6,,2.4,2,60.2
CHEMBL8184,,CCCCNc1c2cnn(c2ncc1C(=O)OCC)CC,CARTAZOLATE,290.36,4.6,,2.9,2,19.8
CHEMBL8030,,Cc1cccc(c1)Oc2c[nH]c(=O)nc2,TOLIMIDONE,202.21,,7.3,1.9,2,61.1
CHEMBL63,,COc1ccc(cc1OC2CCCC2)C3CC(=O)NC3,ROLIPRAM,275.34,,,1.9,1,74.4
CHEMBL275446,,Cc1c([nH]cn1)CSCCNC(=S)NC,METIAMIDE,244.38,6.4,10.4,1.2,1,15.4
CHEMBL12980,,c1ccc(cc1)C(c2ccccc2)(C(=O)OC3CN4CCC3CC4)O,QUINUCLIDINYL BENZILATE,337.41,8.4,,2.1,2,49.8
CHEMBL14112,,c1cc(ccc1c2c(n(cn2)CCCN3CCOCC3)c4ccncc4)F,SB-210313,366.43,6.6,,2.7,3,3.2
CHEMBL279812,,CCCCOc1ccc2c3ccnc(c3[nH]c2c1)C,,254.33,7.6,,3.8,3,0.2
CHEMBL14638,,c1cc(ccc1C(=O)C2CC2)OCCCc3cnc[nH]3,CIPROXIFAN,270.33,6.9,,2.6,2,0.5
CHEMBL108,,c1ccc2c(c1)C=Cc3ccccc3N2C(=O)N,CARBAMAZEPINE,236.27,,,2.1,2,90.8
CHEMBL110,,c1ccc(cc1)CNC(=O)Cn2ccnc2[N+](=O)[O-],BENZNIDAZOLE,260.25,,,1.1,2,91.8
CHEMBL562,,C[C@@H]1CC(=O)C=C([C@]12C(=O)c3c(cc(c(c3O2)Cl)OC)OC)OC,GRISEOFULVIN,352.77,,,2.3,1,68.8
CHEMBL18504,,CCS(=O)(=O)Oc1ccc2c(c(c(=O)oc2c1)C)C,ESUPRONE,282.31,,,2.3,1,16.1
CHEMBL628,,CC(=O)CCCCn1c(=O)c2c(ncn2C)n(c1=O)C,PENTOXIFYLLINE,278.31,,,-0.3,1,51.3
CHEMBL638,,C[C@@H](c1c(cncn1)F)[C@](Cn2cncn2)(c3ccc(cc3F)F)O,VORICONAZOLE,349.31,,,1.8,3,96.6
CHEMBL698,,CCCCNc1ccc(cc1)C(=O)OCCN(C)C,TETRACAINE,264.36,8.6,,2,1,2.3
CHEMBL700,,c1ccnc(c1)NS(=O)(=O)c2ccc(cc2)N,SULFAPYRIDINE,249.29,3.5,8.4,0.1,2,40.2
CHEMBL710,,C[C@]12CC[C@H]3[C@H]([C@@H]1CC[C@@H]2C(=O)NC(C)(C)C)CC[C@@H]4[C@@]3(C=CC(=O)N4)C,FINASTERIDE,372.54,,,3.3,0,30
CHEMBL744,,c1cc2c(cc1OC(F)(F)F)sc(n2)N,RILUZOLE,234.2,4.2,,2.9,2,47.6
CHEMBL287677,,c1cc(ccc1C#N)[C@H]2CCCc3n2cnc3,R-FADROZOLE,223.27,6.4,,1.8,2,27.2
CHEMBL761,,c1ccc2c(c1)cccc2CC3=NCCN3,NAPHAZOLINE,210.27,10.4,,-0.7,2,3.3
CHEMBL32571,,c1cc(ccc1C2CC(=O)c3c(cc(cc3O2)O)O)O,,272.25,,7.7,2.2,2,94
CHEMBL416578,,COC[C@H]1CN(C(=O)O1)c2ccc(cc2)OCC[C@H](C(F)(F)F)O,BEFLOXATONE,349.3,,,2.5,1,69.4
CHEMBL285674,,c1ccc(cc1)C2=NCc3nncn3-c4c2cc(cc4)Cl,ESTAZOLAM,294.74,6,,2.3,3,73.6
CHEMBL36666,,c1cc(cc(c1)F)c2nc(c(c(n2)N)CN)c3ccc(cc3Cl)Cl,,363.22,7.5,,2.9,3,2.7
CHEMBL845,,c1ccc2c(c1)C(=Nc3cc(ccc3N2)Cl)N4CCNCC4,N-DESMETHYLCLOZAPINE,312.8,8.7,,1.7,2,7.4
CHEMBL296019,,CN1CC[C@@H]([C@H](C1)C(=O)OC)c2ccc(cc2)Cl,,267.75,8.3,,1.6,1,37.1
CHEMBL42500,,c1ccc(c(c1)C(=O)NC(=O)Nc2cccc(c2)C3CN4CCSC4=N3)[N+](=O)[O-],,411.43,7.7,8.3,2.1,2,0.4
CHEMBL297302,,c1ccc2c(c1)[nH]c(=O)n2C3CCN(CC3)CCCC(=O)c4ccc(cc4)F,BENPERIDOL,381.44,8,11.2,2.5,2,0.2
CHEMBL296419,,COc1ccc(cc1)CCN2CCC(CC2)Nc3nc4ccccc4n3Cc5ccc(cc5)F,ASTEMIZOLE,458.57,8.4,,3.8,4,0.1
CHEMBL45346,,CN1Cc2c(ncn2-c3ccc(cc3C1=O)Cl)COC,,291.73,4.8,,0.9,2,64.1
CHEMBL878,,Cc1ccccc1N2C(Nc3cc(c(cc3C2=O)S(=O)(=O)N)Cl)C,METOLAZONE,365.83,,9.7,2,2,65.2
CHEMBL48966,,c1ccc2c(c1)[nH]c(n2)CCc3[nH]c4ccccc4n3,,262.31,6.6,,3.1,4,0.8
CHEMBL49532,,Cc1ccn2cc(nc2c1)c3ccc(cc3)OCCCN4CCCCC4,,349.47,9.5,,2,3,0.1
CHEMBL49943,,c1ccc(cc1)C(CCN2CCCCC2)c3ccccc3,FENPIPRANE,279.42,9.3,,2.6,2,32.1
CHEMBL301707,,COc1ccccc1N2CCN(CC2)CCn3c(=O)c4c(c5ccccc5[nH]4)[nH]c3=O,,419.48,3.7,8.3,2.2,3,0.1
CHEMBL294264,,c1ccc2c(c1)C(=O)c3c(cc(c(c3C2=O)O)O)O,PURPURIN,256.21,,7.4,1.9,2,79.3
CHEMBL58792,,COc1ccccc1N2CCN(CC2)CCCC(=O)c3ccc(cc3)F,FLUANISONE,356.43,7.2,,3.1,2,1
CHEMBL65802,,c1cc(ccc1c2ccc(nc2)c3ccc(cc3)O)O,,263.29,4,9.1,3.4,3,1
CHEMBL431367,,c1ccc(cc1)C2=CCN(CC2)CCCCc3c[nH]c4c3cc(cc4)O,ROXINDOLE,346.47,9.5,10.9,2.6,3,0.3
CHEMBL70418,,CN1c2ccc(cc2N(C(=O)CC1=O)c3ccccc3)Cl,CLOBAZAM,300.74,,10.2,2.5,2,88.7
CHEMBL75267,,c1ccc(cc1)c2cc(=O)c3ccc(c(c3o2)O)O,"7,8-DIHYDROXYFLAVONE",254.24,,4.4,2.2,2,0.8
CHEMBL82833,,COc1cc(c(cc1C(=O)CCC2CCNCC2)Cl)N,,296.79,10.4,,0.1,1,33.9
CHEMBL311469,,CC(=O)Nc1ccc-2c(c1)Cc3c2cccc3,2-ACETYLAMINOFLUORENE,223.27,,,3,2,5
CHEMBL327783,,CCOC(=O)C12CC1/C(=N\O)/c3ccccc3O2,,247.25,,10.5,1.7,1,82.3
CHEMBL96051,,c1cc2cccc3c2c(c1)C(=O)N(C3=O)CCCCCC(=O)NO,SCRIPTAID,326.35,,9.4,2.2,2,1.1
CHEMBL319000,,CN(C)[C@@H]1CCN(C1)CCCOc2ccc(cc2)c3ccc(cc3)C#N,,349.47,8.5,,2.1,2,0.1
CHEMBL110094,,CC1(c2ccccc2C(=CCCN(C)C)c3c1cccc3)C,MELITRACEN,291.43,8.8,,2.9,2,3.4
CHEMBL320341,,C[C@@H]1C(=O)NC2=Nc3cccc(c3CN12)Cl,QUAZINONE,235.67,4,,2.2,1,16.8
CHEMBL118478,,c1cc2c(cc1/C=C/C(=O)N3CCCCC3)OCO2,ILEPCIMIDE,259.3,,,2.5,1,39.3
CHEMBL129529,,CCCCN(CCCC)CCCOC(=O)c1ccc(cc1)N,BUTACAINE,306.44,9.2,,2.1,1,1.7
CHEMBL1220,,CCS(=O)(=O)CCn1c(ncc1[N+](=O)[O-])C,TINIDAZOLE,247.27,,,0.2,1,93.7
CHEMBL136800,,c1cc2c(cc1C(=O)N3CCCCC3)nccn2,,241.29,3.2,,1.3,2,73.9
CHEMBL356066,,c1ccc2c(c1)c(c[nH]2)CCN(CCO)Cc3ccc(cc3)/C=C/C(=O)NO,DACINOSTAT,379.45,8.4,9,1.4,3,0.1
CHEMBL145149,,Cc1cccc2c1c(=O)oc(n2)Nc3ccccc3,,252.27,3.3,,3.2,2,9.8
CHEMBL146817,,COCN1c2ccc(cc2C(=NCC1=O)c3ccccc3)[N+](=O)[O-],MOTRAZEPAM,325.32,2.1,,2.3,2,59.6
CHEMBL146842,,c1cc(ccc1OCC(=O)NCCCn2ccnc2)Cl,,293.75,6.6,,2.1,2,5.9
CHEMBL1282,,CC(C)Cn1cnc2c1c3ccccc3nc2N,IMIQUIMOD,240.3,7.4,,2.3,3,83.2
CHEMBL1291,,Cc1cc(c(c(c1OC(=O)C)C)C)OCC(CNC(C)C)O,METIPRANOLOL,309.4,9.3,,-0.3,1,12.2
CHEMBL154166,,CC(=O)Nc1ccc(cc1)S(=O)(=O)c2ccc(cc2)NC(=O)C,ACEDAPSONE,332.37,,,1.6,2,34.2
CHEMBL346033,,c1ccc(cc1)Nc2cc-3nc4ccccc4n(c3cc2=N)c5ccccc5,,362.43,8.9,,2.9,3,0.2
CHEMBL347036,,CCCC(c1ccccc1)(c2ccccc2)C(=O)OCCN(CC)CC.Cl,PROADIFEN HYDROCHLORIDE,389.96,8.5,,3.3,2,16.5
CHEMBL158466,,Cc1cc(nc(n1)N)NCc2ccccc2,,214.27,7.4,,1.7,2,4.8
CHEMBL162036,,CC(=O)Nc1ccc(cc1)OC(=O)c2ccccc2OC(=O)C,BENORILATE,313.3,,,2.6,2,38.5
CHEMBL354663,,c1cc(ccc1N)Oc2ccc(cc2)N,,200.24,4.2,,1.9,2,0.2
CHEMBL348856,,c1cc(ccc1N)Sc2ccc(cc2)N,"4,4'-THIODIANILINE",216.3,4.1,,2,2,3.8
CHEMBL171718,,c1ccc(cc1)N2CCN(CC2)CCO,,206.28,7.5,,1,1,31.2
CHEMBL174487,,c1cc(ccc1CSc2nnc(s2)N)[N+](=O)[O-],,268.32,2.6,,2.2,2,21.5
CHEMBL174535,,CN1c2ccc(cc2C(=NCC1=O)c3ccccc3)C#C,,274.32,3.7,,2.6,2,59.8
CHEMBL179702,,C[C@@H]1CC[C@H](N1CCCOc2ccc(cc2)c3ccc(cc3)C(=O)N4CCOCC4)C,,422.56,9.8,,1,2,0.9
CHEMBL189584,,CCN(CC)CCCCNc1ncc2cc(c(nc2n1)NC(=O)NC(C)(C)C)c3cc(cc(c3)OC)OC,PD-173074,523.67,10.1,11.6,2.2,3,0.8
CHEMBL189977,,c1ccc(cc1)c2c3c(ncnc3oc2c4ccccc4)N,,287.32,5,,3.6,4,3.9
CHEMBL189963,,Cc1c2cnc(nc2n(c(=O)c1C(=O)C)C3CCCC3)Nc4ccc(cn4)N5CCNCC5,PALBOCICLIB,447.53,8.7,,1.7,2,0.2
CHEMBL1385,,COc1ccc2c3c1O[C@@H]4[C@@]3(CCNC2)C=C[C@@H](C4)O,,273.33,8.8,,0.1,1,27
CHEMBL201461,,CS(=O)(=O)N1CCc2c(c(nn2CC(CN3CCC(CC3)N4c5ccccc5OCC4=O)O)c6ccc(cc6)C(F)(F)F)C1,,633.68,7.5,,2.7,3,0.6
CHEMBL211265,,c1ccc(cc1)COCc2c(c(nc(n2)N)N)c3ccc(cc3)NC(=O)C4CC4,,389.45,6.6,,2.2,3,2.3
CHEMBL218490,,CCN[C@H]1C[C@@H](S(=O)(=O)c2c1cc(s2)S(=O)(=O)N)C,DORZOLAMIDE,324.44,8.7,8,-0.1,1,61.3
CHEMBL220491,,CCN[C@H]1CN(S(=O)(=O)c2c1cc(s2)S(=O)(=O)N)CCCOC,BRINZOLAMIDE,383.51,7.3,8.1,0.5,1,70.8
CHEMBL375673,,c1cc(ccc1Nc2ccnc3c2ccc(c3)Cl)O,,270.71,7.1,9.2,3.5,3,0.2
CHEMBL243468,,CC(C)c1nc2ccc(cc2c(=O)n1C[C@H]3CCCN(C3)C(C)C)c4ccc(cc4)Cl,,438,9.4,,3,2,0.4
CHEMBL243043,,c1ccc(cc1)COc2ccc3c(c2)c4c([nH]3)C(=O)NCC4,,292.33,,11.1,2.8,3,3.3
CHEMBL428909,,CN(C)c1ccnc2c1c3c(s2)c(=O)n(cn3)c4ccc(cc4)OC,,352.41,6,,2.7,3,3.2
CHEMBL399510,,CCN(CC)CCNC(=O)c1cc(c(cc1OC)N)Br,BROMOPRIDE,344.25,8.7,,0.5,1,2.9
CHEMBL252556,,CC1=C(C(=O)C(=C(C1=O)OC)OC)CCCCCCCCCCO,IDEBENONE,338.44,,,3.3,0,7
CHEMBL250232,,c1cc2c(c(c1)OCc3ccc(cc3)Cl)c(nc(n2)N)N,,300.74,7.4,,2.6,3,0
CHEMBL1521,,CCN(c1cccc(c1)c2ccnc3n2ncc3C#N)C(=O)C,ZALEPLON,305.33,,,1.3,3,36.1
CHEMBL248702,,CCN[C@@H](C)Cc1cccc(c1)C(F)(F)F,DEXFENFLURAMINE,231.26,9.8,,1.4,1,49.4
CHEMBL403031,,CN(C)CCc1c[nH]c2c1cc(cc2)Br,,267.16,9.2,,1.4,2,1.9
CHEMBL255863,,Cc1ccc(cc1Nc2nccc(n2)c3cccnc3)C(=O)Nc4cc(cc(c4)n5cc(nc5)C)C(F)(F)F,NILOTINIB,529.52,6.1,11,3.9,5,1
CHEMBL1532,,CCC1Nc2cc(c(cc2C(=O)N1)S(=O)(=O)N)Cl,QUINETHAZONE,289.74,,9.2,1.4,1,33
CHEMBL262075,,CC(=O)N(C)c1cccc(c1)c2ccnc3n2ncc3C(=O)c4cccs4,INDIPLON,376.43,,,1.9,4,3.1
CHEMBL1546,,CC(Cc1ccc(cc1)O)N,HYDROXYAMPHETAMINE,151.21,9.7,10.4,-0.5,1,30.7
CHEMBL572878,,Cc1cc(n[nH]1)Nc2cc(nc(n2)Sc3ccc(cc3)NC(=O)C4CC4)N5CCN(CC5)C,TOZASERTIB,464.59,8.3,,2.6,3,0.1
CHEMBL510090,,COc1cc2ccnc3c2c(c1OC)-c4ccccc4C3=O,LYSICAMINE,291.3,4.2,,3.3,3,0.1
CHEMBL510348,,Cc1c2c(ccn1)c3ccccc3[nH]2.Cl,HARMANE HYDROCHLORIDE,218.68,7.6,,2.2,3,0.5
CHEMBL452861,,CC(C)NC[C@@H](COc1cccc2c1cccc2)O,(-)-PROPANOLOL ,259.34,9.3,,1.1,2,2.7
CHEMBL470509,,COc1ccc(cc1)NC(=S)N/N=C/c2ccccn2,,286.35,3.7,9.3,2.5,2,0.9
CHEMBL476509,,Cc1c(sc(n1)c2ccncc2)C(=O)OC,,234.27,4.3,,2.7,2,6.4
CHEMBL523626,,c1ccnc(c1)c2csc(n2)c3ccccn3,,239.3,3.5,,3.1,3,2.9
CHEMBL451082,,c1ccc(cc1)Cn2c3ccccc3c(=O)c4c2cccc4,,285.34,2.3,,3.8,3,6.2
CHEMBL498228,,CN(C)[C@@H]1CCN(C1)CCCOc2c(cc(cc2F)c3ccc(cc3)C#N)F,,385.45,8.5,,2.3,2,0.2
CHEMBL497031,,CC(C)n1c2ccc(cc2cc1C(=O)N3CCC(CC3)(F)F)OC4CCN(CC4)C(C)C,,447.56,9.7,,1.7,2,18.4
CHEMBL555670,,c1cc2c(c[nH]c2nc1)CN3CCN(CC3)c4ccc(cc4)Cl.Cl,,363.28,7,,3.1,3,0.3
CHEMBL544624,,Cc1ccc(cc1)c2c(n3ccsc3n2)/C=N/NC(=N)N.Cl,,334.83,12.6,,0.2,3,0.3
CHEMBL1709,,CN[C@H]1CC[C@H](c2c1cccc2)c3ccc(c(c3)Cl)Cl.Cl,SERTRALINE HYDROCHLORIDE,342.69,9.8,,3,2,2.3
CHEMBL1713,,CN(C)CCCN1c2ccccc2Sc3c1cc(cc3)Cl.Cl,CHLORPROMAZINE HYDROCHLORIDE,355.33,9.1,,3.2,2,0.9
CHEMBL1719,,CN(C)CC/C=C\1/c2ccccc2COc3c1cc(cc3)CC(=O)O.Cl,OLOPATADINE HYDROCHLORIDE,373.87,8.8,4,0.3,2,66.5
CHEMBL538838,,CN(C)CCN1C(=O)c2cccc3c2c(cc(c3)N)C1=O.Cl,,319.79,6.6,,1.4,2,2.3
CHEMBL576426,,CCc1c2n(cn1)-c3ccccc3-c4ncnn4C2,,251.29,4.7,,1.5,3,85.9
CHEMBL602823,,CN(Cc1cc(c(c(c1)OC)OC)OC)c2ccc3c(c2)c(nc(n3)N)N,,369.42,8.9,,1.2,3,0.2
CHEMBL579154,,Cc1cc(nc(n1)NC(=N)Nc2ccccc2O)C,,257.29,8.6,9.7,0.1,2,1.5
CHEMBL606547,,CN1CCC[C@@H]1Cc2c[nH]c3c2cc(cc3)NS(=O)(=O)c4ccccc4Cl,,403.93,9.4,7.9,1.2,3,1.5
CHEMBL1084433,,c1cc2c(cc1CN3CCCCC3)OCO2,,219.28,8.8,,0.8,1,32.5
CHEMBL1086124,,c1cc2c(cc1CN3CCC4(C3)COC4)OCO2,,247.29,8.2,,0.8,1,22.5
CHEMBL1084560,,C[C@@H]1CCCN1CCc2ccc3c(c2)ccc(n3)c4cccnc4,,317.43,9.7,,1.6,3,0.1
CHEMBL1189679,,c1cc2c3c(c1)C(=O)N(C[C@H]3CCC2)[C@@H]4CN5CCC4CC5,PALONOSETRON,296.41,8,,1.9,1,1.6
CHEMBL1200338,,CC(C(C)(C)C)N/C(=N\C#N)/Nc1ccncc1.O,PINACIDIL HYDRATE,263.34,5.2,,1.7,1,46.9
CHEMBL1200347,,CC(C)[N+](C)(CCC(c1ccccc1)(c2ccccc2)C(=O)N)C(C)C.[I-],ISOPROPAMIDE IODIDE,480.43,,,1.2,2,57.4
CHEMBL1200413,,c1ccc2c(c1)CCCC2C3=NCCN3.Cl,TETRAHYDROZOLINE HYDROCHLORIDE,236.74,10.7,,-0.6,1,32.9
CHEMBL1200446,,CN(C)CCN(Cc1ccccc1)c2ccccn2.Cl,TRIPELENNAMINE HYDROCHLORIDE,291.82,7.8,,2,2,13.1
CHEMBL1200479,,CCN(CC)CCOC(=O)C1(CCCCC1)C2CCCCC2.Cl,DICYCLOMINE HYDROCHLORIDE,345.95,8.6,,2.7,0,22
CHEMBL1200494,,c1cc(c(c(c1)Cl)CC(=O)NC(=N)N)Cl.Cl,GUANFACINE HYDROCHLORIDE,282.55,7.1,,1.7,1,7.3
CHEMBL1200600,,C[C@H]1C[C@H]2[C@@H]3CC[C@@]([C@]3(C[C@@H]([C@@]2([C@@]4(C1=CC(=O)C=C4)C)F)O)C)(C(=O)C)O,FLUOROMETHOLONE,376.46,,,2.6,0,51.8
CHEMBL1200604,,CCN(Cc1ccncc1)C(=O)C(CO)c2ccccc2,TROPICAMIDE,284.35,5.2,,1.3,2,74.3
CHEMBL1200612,,CCCCOc1cc(c2ccccc2n1)C(=O)NCCN(CC)CC.Cl,DIBUCAINE HYDROCHLORIDE,379.92,8.6,12,2.7,2,3
CHEMBL1200709,,CCN(c1ccccc1C)C(=O)/C=C/C,CROTAMITON,203.28,,,2.6,1,85.2
CHEMBL1200745,,CC(C)NCC(COc1ccccc1OCC=C)O.Cl,OXPRENOLOL HYDROCHLORIDE,301.81,9.3,,0.2,1,29.8
CHEMBL1200791,,Cc1cc(c(c(c1CC2=NCCN2)C)O)C(C)(C)C.Cl,OXYMETAZOLINE HYDROCHLORIDE,296.84,10.3,11.1,0.1,1,65.4
CHEMBL1201052,,CN1CCCCC1CCN2c3ccccc3Sc4c2cc(cc4)S(=O)C.c1ccc(cc1)S(=O)(=O)O,MESORIDAZINE BESYLATE,544.75,9.2,,1.9,2,0.6
CHEMBL1201256,,CN(C)CCOc1ccc(cc1)CNC(=O)c2cc(c(c(c2)OC)OC)OC,TRIMETHOBENZAMIDE,388.46,8.6,,1.3,2,3.6
CHEMBL1204337,,CC(CCc1ccccc1)NC(C)C(c2ccc(cc2)O)O.Cl,NYLIDRIN HYDROCHLORIDE,335.87,9.1,10.4,1.5,2,17.8
CHEMBL1210030,,CCOc1cc(ccc1c2ccc(cc2)F)CN3CCC(CC3)NC(=O)c4cc(cnc4)C,,447.54,8,,4,3,0.3
CHEMBL1213460,,CCOC(=O)C1C(=O)Nc2ccc(cc2C(=N1)c3ccccc3F)Cl,ETHYL LOFLAZEPATE,360.77,3.5,9.9,2.6,2,81.9
CHEMBL1229908,,CCN(CC)C(=O)c1ccc(c(c1)OC)O,ETHAMIVAN,223.27,,8.7,1.3,1,63.1
CHEMBL1253697,,CN(C)Cc1c[nH]c2c1cc(cc2)Br,BROMOGRAMINE,253.14,8.5,,1.6,2,5.2
CHEMBL1255739,,CN(C)CCN(Cc1cccs1)c2ccccn2.Cl,METHAPYRILENE HYDROCHLORIDE,297.85,7.8,,1.4,2,14.2
CHEMBL1256322,,c1cc(nc(c1)Cl)N2CCC(CC2)N.Cl,,248.15,9.4,,0.3,1,13.2
CHEMBL1256696,,CCN(CC)CCOCCOC(=O)C1(CCCC1)c2ccccc2.C(C(=O)O)C(CC(=O)O)(C(=O)O)O,CARBETAPENTANE CITRATE,525.59,8.8,,2.2,1,24
CHEMBL1256739,,Cc1cc(c(cc1OC(=O)C)C(C)C)OCCN(C)C.Cl,MOXISYLYTE HYDROCHLORIDE,315.84,8.5,,1.8,1,43.4
CHEMBL1256778,,CCCN1CCO[C@H]2[C@H]1COc3c2cc(cc3)O.Cl,,285.77,6.7,10.3,1.9,1,26.5
CHEMBL1256805,,CCN(CC)CCNC(=O)c1ccc(cc1)NC(=O)C.Cl,ACECAINIDE HYDROCHLORIDE,313.82,8.7,11.9,0.1,1,6.8
CHEMBL1256838,,CCCN(CCC)C1Cc2cc(c(cc2C1)OC)OC.C(=C\C(=O)O)\C(=O)O,,393.47,9.5,,1.6,1,14.3
CHEMBL1256842,,CN1Cc2c(cccc2N)C(C1)c3ccccc3.C(=C\C(=O)O)\C(=O)O,NOMIFENSINE MALEATE,354.4,8.9,,1.3,2,6
CHEMBL1256849,,c1ccc(cc1)CCN2CCC3(CC2)CNC(=O)O3.Cl,FENSPIRIDE HYDROCHLORIDE,296.79,9.1,,0.5,1,33.4
CHEMBL1257078,,CC(C)COCC(CN(Cc1ccccc1)c2ccccc2)N3CCCC3.Cl,,403,7.5,,3.4,2,6.9
CHEMBL1258702,,c1ccc(c(c1)C2=Nc3c[nH]nc3Nc4c2cc(cc4)[N+](=O)[O-])Cl,,339.74,3.1,,3.5,3,11.3
CHEMBL1269084,,c1cc(oc1)c2ccc3c(c(sc3n2)C(=O)N)N,,259.28,4.6,,2.4,3,0.4
CHEMBL1311023,,Cc1nccc(n1)c2ccc(cc2)n3cnc4c3cccc4,,286.33,4.8,,3.2,4,0.9
CHEMBL1312169,,Cc1ccc2c(c1)c(c(c(n2)c3ccccc3)CN(C)C)O,,292.37,7.7,11.2,2.9,2,6.4
CHEMBL1320149,,CCc1nnc(s1)NC2=NS(=O)(=O)c3c2cccc3,,294.35,6.5,10,1.5,2,73.5
CHEMBL1330860,,c1ccc2c(c1)nc(n2CCN3CCCCC3)NC(=O)c4ccc(cc4)Cl,,382.89,7.2,10.3,3.6,3,0.7
CHEMBL1332846,,Cc1ccc(cc1)c2nc3ccccc3c(n2)NCCCO,,293.36,6.2,,3.2,3,0.2
CHEMBL1332975,,c1ccn2c(c1)cnc2Sc3ccc(cn3)[N+](=O)[O-],,272.28,4.7,,2.6,3,27.7
CHEMBL1333691,,Cn1c2c(cc(s2)C(=O)NCc3cccc(c3)OC)c(n1)c4ccccc4F,,395.45,,11.2,3.6,4,1.3
CHEMBL1334860,,CN(c1ccc(cc1)OC(=O)c2ccco2)C(=O)C(Cl)Cl,DILOXANIDE FUROATE,328.15,,,2.9,2,68.2
CHEMBL1344912,,CN(C)CCCNc1c2ccccc2nc(n1)c3ccc(cc3)Cl,,340.85,9,,2.8,3,0.1
CHEMBL1347562,,c1ccc(cc1)CCNc2cc(=O)oc3c2cccc3,,265.31,4.2,,3.1,2,3.6
CHEMBL1349072,,c1ccc(cc1)c2c(sc(n2)N)c3ccc(cc3)[N+](=O)[O-],,297.33,3.6,,3.7,3,2.9
CHEMBL1352372,,c1ccc(cc1)OCC2Cc3c(c(c(nc3O2)N)C#N)N,,282.3,6,,2.7,2,7.2
CHEMBL1354199,,C[N+]1([C@@H]2C[C@H](C[C@H]1[C@H]3[C@@H]2O3)OC(=O)[C@H](CO)c4ccccc4)C.[Br-],,398.29,,,0.2,1,69.7
CHEMBL1360360,,Cc1c(c2nccc(n2n1)c3ccccc3)Br,,288.14,2.1,,3.1,3,14.1
CHEMBL1362108,,c1cc(cc(c1)[N+](=O)[O-])c2nc(no2)c3ccncc3,,268.23,3.7,,2.4,3,1.2
CHEMBL1363370,,CCCCOC(=O)C1CN(N=C1C(=O)C)c2ccccc2,,288.34,7.1,,2,1,83.2
CHEMBL1379976,,Cc1cccn2c1nc(c2)c3ccc(cc3)Cl,,242.7,5.5,,3.1,3,0.5
CHEMBL1383594,,Cn1c2ccccc2nc1c3cccs3,,214.29,4.7,,3,3,16.1
CHEMBL1385973,,c1ccc2c(c1)nc3c(c(n(c3n2)CCCN4CCOCC4)N)C#N,,336.39,7.1,,1.5,3,0.2
CHEMBL1386101,,Cc1c2cc(cnc2on1)C(=O)c3cc(ccc3O)F,,272.23,,9.8,2.6,3,94.4
CHEMBL1392264,,CCN1CCN(CC1)c2[nH]c(=O)c3c(n2)CCCC3,,262.35,8.5,9.6,0.7,0,15
CHEMBL1395597,,CC(C)([C@@H](COc1ccc2c(c1OC)nc3c(c2OC)cco3)O)O,,347.36,4.2,,2.1,3,11.6
CHEMBL1403035,,c1cc2c(cc1F)sc(n2)N3CCN(CC3)C(=O)c4ccc(o4)[N+](=O)[O-],,376.36,3.2,,2.7,3,4.7
CHEMBL1407915,,CN1CCOC(c2ccccc2C1)c3ccccc3.Cl,NEFOPAM HYDROCHLORIDE,289.8,7.8,,2.5,2,24.9
CHEMBL1413176,,Cc1c(c(=O)n(n1C)c2ccccc2)NC(=O)c3cccnc3,NIFENAZONE,308.33,3,10,1.3,2,89.9
CHEMBL1416617,,Cc1c(c(n(n1)c2ccccc2)N)c3ccccc3,,249.31,2.9,,3.4,3,75.9
CHEMBL1423295,,COc1ccc(cc1OC)CCC(=O)NC2=NCCS2,,294.37,9.3,,0.4,1,19.6
CHEMBL1424038,,c1ccc(cc1)c2csc(n2)/N=C\3/CCCCCN3,,271.38,12.4,,1.5,2,1.9
CHEMBL1427661,,COc1ccc(cc1)n2c(=N)c(cc(n2)C(=O)c3cccs3)c4[nH]c5ccccc5n4,,427.48,7.8,11.8,3.3,4,0.1
CHEMBL1427972,,CC(=O)NC(c1ccc2cccnc2c1O)c3ccco3,,282.29,4.8,9.1,2.2,3,39.5
CHEMBL1437612,,CCCCCSc1nc2c(c3cccc(c3[nH]2)C)nn1,,286.4,6.2,,3.5,3,1.4
CHEMBL1438128,,CN1C2CCC1CC(C2)OC(=O)c3cc(cc(c3)Cl)Cl.Cl,,350.67,9.3,,2.4,1,3.6
CHEMBL1438771,,Cc1cc(nc(n1)c2ccccc2)Oc3ccccc3,,262.31,3.3,,3.7,3,45.1
CHEMBL1442407,,Cc1c(c(n2c(n1)nc(n2)NCc3cccs3)C)Cl,,293.78,2.8,,2.9,3,20.6
CHEMBL1444722,,CN1CCc2cc3c(cc2C1C4c5ccc6c(c5C(=O)O4)OCO6)OCO3,,367.35,6.7,,2.6,2,7.7
CHEMBL1446900,,COc1ccc(cc1)NC2=NC3(CCCCC3)N=C(N2)N,,287.36,11,,0.2,1,3.4
CHEMBL1447771,,c1ccc(cc1)C2=N/C(=C\N3CCCCC3)/C(=O)O2,,256.3,10.5,,0.7,1,17.6
CHEMBL1447774,,Cc1cc2c3ccccc3oc(=O)c2c(n1)N,,226.23,6.3,,2.5,2,0.3
CHEMBL1448010,,CCN(CC)CCNC(=O)COc1ccc(cc1)OC.Cl,,316.82,8.9,,0.3,1,17.9
CHEMBL1449034,,C[C@H]1[C@@H]2CN3CC[C@]4([C@@H]3C[C@@H]2C(=CO1)C(=O)OC)c5ccccc5NC4=O,,368.43,6.8,11.6,1.6,1,37.4
CHEMBL1450777,,COc1ccc(cc1)c2nc(c(o2)NCc3ccco3)C#N,,295.29,,,3,3,6.3
CHEMBL1451016,,c1ccc(cc1)CNC(=O)c2c3c(nc4ccccc4n3)n(c2N)CCCN5CCOCC5,,444.53,7.1,10.9,2.3,4,0.1
CHEMBL1452933,,C/C(=C\c1ccc(cc1)N)/c2[nH]c3ccccc3n2,,249.31,6.3,,2.9,3,1.2
CHEMBL1453239,,c1ccc(cc1)Oc2ccc(cc2)c3nc(nc(n3)N)N,,279.3,3.9,,2.5,3,5
CHEMBL1455063,,Cc1cc(no1)NC(=O)Cc2c(cccc2Cl)F,,268.67,11.7,,1.8,1,76.5
CHEMBL1459451,,CC(c1ccccc1)NC(=O)COc2c3ccc(cc3ncn2)[N+](=O)[O-],,352.34,2.7,10.8,3,3,30.5
CHEMBL1468583,,COc1ccc(cc1)N2CCN(CC2)c3cnc4ccccc4n3,,320.39,3.6,,3.3,3,6.7
CHEMBL1468649,,c1cc2n(c1)CCNC2c3ccc(cc3)F.C(=C/C(=O)O)\C(=O)O,,332.33,7.6,,1.9,2,10.7
CHEMBL1475693,,CC(C)c1c(n(n(c1=O)c2ccccc2)C)CN(C)C(C)Cc3ccccc3,FAMPROFAZONE,377.52,6.7,,3,2,35.3
CHEMBL1477775,,c1c(cc(c(c1CNC2CCC(CC2)O)N)Br)Br,,378.1,7.9,,2.3,1,2.9
CHEMBL1480083,,COc1ccc(cc1)C(=O)NCCc2cn3ccccc3n2,,295.34,6.1,11.6,2.4,3,1.6
CHEMBL1485204,,Cn1cnc2c1ccnc2N3CCCCC3,,216.28,6.9,,1.7,2,3.2
CHEMBL1490260,,CC(=O)Nc1ccn(n1)c2ccccc2,,201.22,10.9,,1.8,1,45.7
CHEMBL1490798,,c1ccc(cc1)c2nnc3n2nc(s3)c4ccncc4,,279.32,2.8,,2.7,4,0.5
CHEMBL1493037,,c1cc2c(cc1C3CCCCC3)c4c5n2CCN[C@H]5CCC4,,294.43,8.9,,2.5,2,0.7
CHEMBL1518697,,Cc1nc(cs1)c2ccc(s2)S(=O)(=O)N3CCCN(CC3)CCc4ccccc4,,447.64,7,,3.3,3,0.2
CHEMBL1520242,,CC1(CC(=CC(=O)C1)NCCN2CCN(CC2)C(=O)Nc3ccc(c(c3)Cl)Cl)C,,439.38,6.7,,2.9,1,0.9
CHEMBL1525203,,Cn1c(nnc1SCCN2CCCCC2)CNc3ccc(cc3)Cl,,365.92,8.4,,2,2,5
CHEMBL1527608,,Cn1c2c(c(=O)n(c1=O)C)n(cn2)CC3OCCO3,DOXOFYLLINE,266.25,,,0,1,88.6
CHEMBL1529802,,CN(C)CCN(Cc1ccc(cc1)OC)c2ncccn2.Cl,THONZYLAMINE HYDROCHLORIDE,322.83,8,,1.8,2,11.8
CHEMBL1529951,,Cc1ccc2c(c1)c3c([nH]2)CCN(C3)C(=O)CN4CCN(CC4)c5ccccc5,,388.51,5.4,,3.3,3,0.4
CHEMBL1532903,,CCN1CCSc2c1cc(cc2)C(=O)NC(C)c3ccccc3,,326.46,3.2,10.6,3.5,2,78.8
CHEMBL1545383,,Cn1cc(c(n1)C(=O)N2CCN(CC2)c3ncccn3)Cl,,306.75,3.4,,0.9,2,64.2
CHEMBL1553658,,COc1ccc(c(c1)CCNC(=O)Cn2c(=O)c3c(cn2)c4ccccc4[nH]3)OC,,406.43,,,2.2,3,1.8
CHEMBL1559161,,CCOC(=O)c1c(c([nH]c1C)C(=O)CN2CC(OC(C2)C)C)C,,322.4,5.7,,2.6,1,12.2
CHEMBL1561279,,CN1CCN(CC1)c2c(c(nc(n2)Nc3ccccc3)N)[N+](=O)[O-],,329.36,7.7,,1.8,2,0.4
CHEMBL1571017,,c1ccc(cc1)c2ccc3c(c(sc3n2)C(=O)N)N,,269.32,4.9,,3,3,0.8
CHEMBL1572284,,CCN1CCN(CC1)c2c(cccc2Cl)NC(=O)c3ccco3,,333.81,7.5,10,2.6,2,2.2
CHEMBL1577189,,CCCCOC(=O)CCNc1c(=O)[nH]c(=O)[nH]n1,,256.26,4.7,6.6,0.2,0,81.9
CHEMBL1577432,,CN(C)CCCNc1c2c(csc2ncn1)c3ccccc3.C(=O)(C(=O)O)O,,402.47,9,,2.3,3,1
CHEMBL1584465,,COc1cccc(c1)C(=O)c2cc([nH]c2)C(=O)NCCCN3CCOCC3,,371.43,7.4,11.3,1.5,2,0.5
CHEMBL1584723,,CCOc1ccc(cc1)NC(=O)NCCCN2CCCC2,,291.39,9.4,,1,1,23.7
CHEMBL1586034,,Cc1ccc(cc1)c2nc(c(o2)NCc3ccco3)C#N,,279.29,,,3.2,3,7.5
CHEMBL1596429,,CC1(Cc2c(c3ccccc3[nH]2)C(N1)(C)C)C.Cl,,264.79,10.8,,0.7,2,33.1
CHEMBL1597677,,c1ccc(cc1)C2=[N+](CC(=O)Nc3c2cc(cc3)Cl)[O-],DEMOXEPAM,286.71,4.6,10.5,2.2,2,79.6
CHEMBL1598450,,CCCn1c(=O)c2c(nc[nH]2)n(c1=O)c3ccc(cc3)Cl,AROFYLLINE,304.73,,8.9,3,2,73.4
CHEMBL1599248,,COc1cc(c(cc1C(=O)NC2CCN(CC2)Cc3ccccc3)Cl)N.C(=C\C(=O)O)\C(=O)O,CLEBOPRIDE MALEATE,489.95,8.2,11.9,2.5,2,0.4
CHEMBL1605674,,Cc1c2c(=O)cc[nH]c2nc(n1)c3ccc(cc3)[N+](=O)[O-],,282.25,3.5,8.7,2.1,2,0.9
CHEMBL1607151,,Cc1ccc(cc1)S(=O)(=O)NCCN2CCOCC2,,284.37,6.4,10.8,1.2,1,39.9
CHEMBL1618597,,CCN(CC)CC(=O)Nc1c(cc(cc1C)C)C,TRIMECAINE,248.36,7.7,,2.2,1,64.5
CHEMBL1620012,,CCOCc1cnc(nc1NCC(=O)c2c([nH]c3c2cc(cc3)OC)C)C,,368.43,6.9,,2.8,3,0.6
CHEMBL1621170,,Cc1ccccc1OCC(CN2CCN(CC2)C)O,,264.36,8.6,,0.4,1,17.3
CHEMBL1623233,,c1ccc(cc1)CN2CCN(CC2)c3ccc(cn3)[N+](=O)[O-],,298.34,7.1,,2.5,2,1.4
CHEMBL1698967,,CCOC(=O)c1c(c2c(n1c3ccccc3)ncnc2O)C,,297.31,,7.6,1.4,2,31.7
CHEMBL1701030,,c1ccc(cc1)c2c(c[nH]n2)/C=N/NC(=S)N,,245.3,2.4,9,1.9,2,0.4
CHEMBL1788132,,CC(C1=NCCN1)Oc2c(cccc2Cl)Cl.Cl,LOFEXIDINE HYDROCHLORIDE,295.59,9.4,,0.4,1,14.4
CHEMBL1788371,,C1=CC=C2C=C(C=CC2=C1)C(=O)CN3C=CN=C3.Cl,NAFIMIDONE HYDROCHLORIDE,272.73,6,,2.7,3,0.6
CHEMBL1789941,,c1c[nH]c2c1c(ncn2)c3cnn(c3)[C@H](CC#N)C4CCCC4,RUXOLITINIB,306.37,3,11.3,2.5,3,6.6
CHEMBL1870738,,c1ccc2c(c1)nc(n2CCN3CCOCC3)NCc4ccc5c(c4)OCO5,,380.44,6.7,,2.5,3,0.4
CHEMBL1875876,,Cc1cccc(c1NC(=O)c2ccc(nc2)n3cncn3)C,,293.32,,11.7,2.2,3,45.4
CHEMBL1879182,,Cc1cc(nc(n1)c2ccccc2O)N3CCN(CC3)C,,284.36,7.6,11,2,2,0.2
CHEMBL1882682,,CN(C)C1CCc2c(c3cc(cc(c3[nH]2)F)F)C1,FLUCINDOLE,250.29,9.2,,1.4,2,1
CHEMBL1883142,,c1ccc(cc1)NC(=O)COC(=O)CCCC2=NS(=O)(=O)c3ccccc3N2,,401.44,7,9.3,2.1,2,27.1
CHEMBL1887383,,CN1CCN(CC1)C2CCCCCC2,,196.33,8.8,,0.9,0,53.3
CHEMBL1891178,,Cn1c2c(c3c1c4ccc(cc4nc3)Cl)CN(CC2)C,,285.77,7.6,,2.5,3,0.1
CHEMBL1891684,,CC1=C(C(C(=C(N1)C)C(=O)OC)c2ccccc2OC(F)F)C(=O)OC,RIODIPINE,367.34,2.8,,3,1,63.9
CHEMBL1899502,,Cc1cc(no1)NC(=O)CSc2[nH]c(=O)c(nn2)C,,281.29,12.1,5.8,0.5,0,81.1
CHEMBL1899506,,CN1CCCC(=C(c2cccs2)c3cccs3)C1,TIPEPIDINE,275.43,7.8,,3,2,22.3
CHEMBL1923523,,c1ccc(cc1)C2NC(=Nc3n2c4ccccc4n3)N,,263.3,6.5,,2.2,3,1.7
CHEMBL1946581,,CC(C)(CCn1cc(nc1)c2cccnc2)NCC(=O)N3CCC[C@H]3C#N.CS(=O)(=O)O,,462.57,6.9,,0.2,2,0.7
CHEMBL1967497,,Cc1cc(c2cc(ccc2n1)OC)N/N=C/c3cccc(c3O)OC,,337.37,7.7,,2.8,3,0.2
CHEMBL1990299,,c1ccc(cc1)c2ccc(o2)c3ccc(cc3)C4=NCCN4.Cl,,324.8,10,,2,3,0.3
CHEMBL1994739,,CC(C)[C@@](CCCN(C)CCc1ccc(c(c1)OC)OC)(C#N)c2ccc(c(c2)OC)OC.Cl,,491.06,9.4,,2.4,2,0.8
CHEMBL2074611,,c1cc(nc(c1C(F)(F)F)Cl)N2CCNCC2.Cl,,302.12,8.8,,1.2,1,13.3
CHEMBL2098490,,CN1CCN(CC1)c2cc(nc(n2)c3ccccc3)c4ccncc4,,331.41,7.6,,2.8,3,0.1
CHEMBL2104741,,Cc1c2c(cn1C)NC(=O)CN=C2c3ccccc3,PREMAZEPAM,253.3,4.5,10.8,1.7,2,9.2
CHEMBL2105042,,c1ccc(cc1)C2(OCC(O2)C3CCCCN3)c4ccccc4.Cl,DIOXADROL HYDROCHLORIDE,345.86,8.5,,2,2,35
CHEMBL2105126,,CC1(c2ccccc2C(=CCCNC)c3c1cccc3)C,LITRACEN,277.4,9.7,,2.1,2,2.5
CHEMBL2105147,,c1cc2c(cc1Cl)C(=NCC(=O)N2)C3=CCCCC3,NORTETRAZEPAM,274.75,6.8,10.6,3.1,1,25.4
CHEMBL2105527,,CN1c2ccc(cc2C(=NCC1=O)C3=CCCCC3)Cl,TETRAZEPAM,288.77,6.5,,3.1,1,30.6
CHEMBL2105916,,CCN(CC)CCNC(=O)c1cc(c(cc1OC(C)C(=O)C)N)Cl.Cl,BATANOPRIDE HYDROCHLORIDE,392.32,8.7,,0.8,1,3.8
CHEMBL2106133,,CCC(c1ccccc1)C(=O)OCCOCCN(CC)CC.C(C(=O)O)C(CC(=O)O)(C(=O)O)O,BUTAMIRATE CITRATE,499.55,8.8,,1.7,1,48.9
CHEMBL2106134,,Cc1c(c(n(n1)C)C)NCCNCC(COc2ccccc2)O,DALBRAMINOL,318.41,8.6,,0.3,2,4
CHEMBL2106194,,c1cc(c(cc1OCC2=NCCN2)Cl)Cl.Cl,FENMETOZOLE HYDROCHLORIDE,281.57,9.7,,0.2,1,1.9
CHEMBL2106227,,CCNC1=Nc2ccc(cc2C(O1)(C)c3ccccc3)Cl,ETIFOXINE,300.78,6.1,,3.7,2,9.5
CHEMBL2106537,,Cc1cc(n[nH]1)CCN2CCN(CC2)c3cccc(c3)Cl,MEPIPRAZOLE,304.82,7.2,,2.8,2,2.8
CHEMBL2106632,,C1CCC(CC1)C2(CCCCC2)C(=O)OCCN3CCCCC3.Cl,DIHEXYVERINE HYDROCHLORIDE,357.96,8.5,,2.7,0,16.1
CHEMBL2106762,,CP(=O)(C)CN1c2ccc(cc2C(=NCC1=O)c3ccccc3)Cl,FOSAZEPAM,360.77,3.2,,2.8,2,71.1
CHEMBL2106900,,CN1c2ccc(cc2C(=NCC1=O)C3=CCCCC3)[N+](=O)[O-],MENITRAZEPAM,299.32,5.9,,2.5,1,40.8
CHEMBL2107285,,CN1c2ccc(cc2N(C(=O)CC1=O)c3ccccc3)C(F)(F)F,TRIFLUBAZAM,334.29,,9.3,2.8,2,91.8
CHEMBL2107516,,CC(=C/C(=N/Nc1c2ccccc2cnn1)/C)C,BUDRALAZINE,240.3,8.5,,2.3,2,6.2
CHEMBL2107801,,Cc1nc(no1)c2cc3c(ccnc3c4cccc(c4)OC)[nH]c2=O,RESEQUINIL,334.33,2.3,8.8,2.2,3,2.2
CHEMBL2110767,,CN(C)CCCOC1(CCCCCC1)Cc2ccccc2,BENCYCLANE,289.46,9.4,,2.2,1,10.5
CHEMBL2111030,,CN(C)CCCN1c2ccccc2Sc3c1nccc3,PROTHIPENDYL,285.41,9.3,,1.9,2,0.4
CHEMBL2111138,,c1cnc(nc1)N2CCN(CC2)CCNC(=O)C34CC5CC(C3)CC(C5)C4,ADATANSERIN,369.5,7.1,,1.8,1,11.1
CHEMBL2261816,,c1ccc(cc1)c2nc([nH]n2)c3ccncc3,,222.25,5.1,8.5,2.4,3,2.3
CHEMBL2334890,,COc1cc2c(cc1O)[C@H]3Cc4ccc(c(c4CN3CC2)OC)O,,327.37,7.2,9.9,2.2,2,1.5
CHEMBL2448981,,Cc1ccc(c(c1)N2CCN(CC2)C3CCC(C3)C)C,,272.43,8.2,,2.9,1,9.5
CHEMBL3104068,,c1cc(cnc1)c2nc(on2)c3cccnc3,,224.22,3.7,,1.6,3,7
CHEMBL3187065,,c1cc(c2c(c1)OCCO2)N3CCNCC3.Cl,,256.73,8.7,,-0.5,1,29
CHEMBL3190112,,c1cc(cnc1)c2nnc(n2/N=C/C=C/c3ccco3)S,,297.34,3.8,4.1,0.8,2,1.3
CHEMBL3195280,,c1ccc(cc1)c2nnc(n2/N=C/c3ccc(o3)c4cccc(c4)[N+](=O)[O-])S,,391.4,,5.2,1.9,3,0.5
CHEMBL3197198,,C/N=C\1/c2c(c3cc(ccc3n2CCN1C)OC)c4ccccc4.Cl,,355.86,9.9,,1.5,3,0.6
CHEMBL3199068,,CS/C(=N\C#N)/N1CCN(CC1)c2cccc(c2)Cl,,294.8,4.5,,3.2,1,23.1
CHEMBL3246831,,Cc1nnc2n1-c3ccc(cc3C(=NC2)c4ccccn4)Br,,354.2,5.5,,0.9,3,76.3
CHEMBL3303399,,CC(Cc1ccc(c(c1)OC)OC)NC,,209.28,9.8,,-0.2,1,30.5
CHEMBL3303911,,c1ccc(cc1)OCC(CNCCc2ccc(cc2)O)O,,287.35,8.7,10.9,0.8,2,4.3
CHEMBL3329429,,CN1CCN(CC1)c2cccc3c2[nH]cc3S(=O)(=O)c4ccccc4,,355.45,8.1,10.5,1.8,3,4.1
CHEMBL3349426,,c1ccc\2c(c1)CCC/C2=N\NC(=N)N,,202.26,9.2,,-0.1,1,1.2
CHEMBL3431594,,c1ccc(cc1)OCC(=O)N2CCCC[C@@H]2c3[nH]nc(n3)c4ccnc(c4)N,,378.43,6.7,9,1.9,3,0.7
CHEMBL9,,CCn1cc(c(=O)c2c1cc(c(c2)F)N3CCNCC3)C(=O)O,NORFLOXACIN,319.33,8.7,5.9,-0.4,1,0.7
CHEMBL263883,,Cn1c2ccccc2c3c1CNCC3,,186.25,8.8,,0.7,2,2.3
CHEMBL6437,,CN1CCN2c3ccccc3Cc4ccccc4C2C1,MIANSERIN,264.36,7.7,,2.5,2,13.5
CHEMBL406,,CC1Cc2ccccc2N1NC(=O)c3ccc(c(c3)S(=O)(=O)N)Cl,INDAPAMIDE,365.83,3,8.6,2.1,2,84.2
CHEMBL407,,CCOC(=O)c1c2n(cn1)-c3ccc(cc3C(=O)N(C2)C)F,FLUMAZENIL,303.29,2.8,,1.1,2,58.5
CHEMBL416,,COc1c2c(ccc(=O)o2)cc3c1occ3,METHOXSALEN,216.19,,,2.1,2,8.5
CHEMBL423,,CC(C)NCC(COc1ccc(cc1)CCOCC2CC2)O,BETAXOLOL,307.43,9.3,,0.5,1,26.5
CHEMBL31,,CC1CN(CCN1)c2c(cc3c(c2OC)n(cc(c3=O)C(=O)O)C4CC4)F,GATIFLOXACIN,375.39,8.6,6.2,-0.5,1,2.4
CHEMBL36,,"
CCc1c(c(nc(n1)N)N)c2ccc(cc2)Cl",PYRIMETHAMINE,248.71,7.3,,2.4,2,7.9
CHEMBL42,,CN1CCN(CC1)C2=Nc3cc(ccc3Nc4c2cccc4)Cl,CLOZAPINE,326.82,7.7,,3.2,2,10.6
CHEMBL8618,,COc1ccccc1N2CCN(CC2)CCCCN3C(=O)c4ccccc4C3=O,NAN-190,393.48,7.2,,2.8,2,0.5
CHEMBL57,,Cc1ccnc2c1NC(=O)c3cccnc3N2C4CC4,NEVIRAPINE,266.3,5.5,10,2.1,2,98.3
CHEMBL469,,c1ccc(cc1)C(=O)c2ccc3n2CCC3C(=O)O,KETOROLAC,255.27,,3.5,-0.5,2,89.9
CHEMBL489,,CC/C(=C(\c1ccc(cc1)O)/c2ccc(cc2)OCCN(C)C)/c3ccccc3,AFIMOXIFENE,387.51,8.6,9.2,3.7,3,6.2
CHEMBL86,,CCN(CC)CCNC(=O)c1cc(c(cc1OC)N)Cl,METOCLOPRAMIDE,299.8,8.7,,0.5,1,4.6
CHEMBL93,,CC(c1cc2ccccc2s1)N(C(=O)N)O,ZILEUTON,236.29,,9.8,1.7,2,72.1
CHEMBL94,,C[C@@]12CCN([C@@H]1N(c3c2cc(cc3)OC(=O)NC)C)C,PHYSOSTIGMINE,275.35,8.1,,0.8,1,61.1
CHEMBL275097,,COc1ccc2c(c1OC)CN3CCc4cc5c(cc4C3C2)OCO5,TETRAHYDROBERBERINE,339.39,7.2,,2.5,2,0.5
CHEMBL512,,CN/C(=C\[N+](=O)[O-])/NCCSCc1ccc(o1)CN(C)C,,314.4,8.4,,-0.8,1,0.5
CHEMBL98,,c1ccc(cc1)NC(=O)CCCCCCC(=O)NO,VORINOSTAT,264.32,,9.4,1,1,79
CHEMBL268248,,CN1c2ccc(cc2C(=NCC1=O)c3ccccc3Cl)Cl,,319.19,2.1,,3.2,2,55.5
CHEMBL534,,CN1CCC(=C2c3ccccc3CC(=O)c4c2ccs4)CC1,KETOTIFEN,309.43,9,,2.3,2,12
CHEMBL535,,CCN(CC)CCNC(=O)c1c(c([nH]c1C)/C=C\2/c3cc(ccc3NC2=O)F)C,SUNITINIB,398.47,9,11.3,2.6,2,0.1
CHEMBL549,,CN(C)CCCC1(c2ccc(cc2CO1)C#N)c3ccc(cc3)F,CITALOPRAM,324.39,9.6,,1.5,2,16.6
CHEMBL550,,CC[C@H]1[C@H](COC1=O)Cc2cncn2C,PILOCARPINE,208.26,6.9,,0.6,1,60.4
CHEMBL15476,,CN1C(CCCC1CC(=O)c2ccccc2)CC(c3ccccc3)O,,337.46,8.4,,2.5,2,4.5
CHEMBL570,,CN(C)CCCN1c2ccccc2Sc3c1cc(cc3)C(F)(F)F,TRIFLUPROMAZINE,352.42,9.1,,3.4,2,1.9
CHEMBL16171,,COc1c(cc(c2c1oc(cc2=O)c3ccccc3)O)O,WOGONIN,284.26,,4.7,1.5,2,1.1
CHEMBL17045,,CCN(CC)CC1CCCCN1CC(=O)N2c3ccccc3C(=O)Nc4c2nccc4,OTENZEPAD,421.54,7.9,11.1,2.5,2,57.3
CHEMBL17423,,COc1ccc(cc1OC)C(=O)N2CCN(CC2)c3ccc4c(c3)CCC(=O)N4,VESNARINONE,395.45,3.7,,2.1,2,10.6
CHEMBL17350,,C[C@@H]([C@H](c1ccc(cc1)O)O)N2CCC(CC2)(c3ccccc3)O,TRAXOPRODIL,327.42,8.5,9.9,1.2,2,25.6
CHEMBL18116,,Cc1cccc(c1)N2CC(OC2=O)CO,TOLOXATONE,207.23,,,1.7,1,85.6
CHEMBL19173,,c1ccc(cc1)COCCCc2cnc[nH]2,PROXYFAN,216.28,6.6,,1.8,2,17.6
CHEMBL621,,c1ccn2c(c1)nn(c2=O)CCCN3CCN(CC3)c4cccc(c4)Cl,TRAZODONE,371.86,6.9,,2.8,1,0.3
CHEMBL625,,c1ccc2c(c1)[nH]c(n2)c3cscn3,THIABENDAZOLE,201.25,4.6,11,2.5,3,7.4
CHEMBL131,,C[C@]12C[C@@H]([C@H]3[C@H]([C@@H]1CC[C@@]2(C(=O)CO)O)CCC4=CC(=O)C=C[C@]34C)O,PREDNISOLONE,360.44,,,1.6,0,45.2
CHEMBL22150,,CN1CCN(CC1)C(c2ccccc2)c3ccc(cc3)Cl,CHLORCYCLIZINE,300.83,8.2,,3,2,22.2
CHEMBL285157,,c1ccc(cc1)CN2CCC(=CC2)c3c[nH]c4c3cccc4,,288.39,8.5,,2.8,3,0.2
CHEMBL741,,c1cc(c(c(c1)Cl)Cl)c2c(nc(nn2)N)N,LAMOTRIGINE,256.09,6.6,,1.2,2,57.6
CHEMBL33416,,C1=CC=C(C=C1)CN2C=NC3=C2N=C(NC3=O)N,,241.25,3.8,9.6,0.9,2,33
CHEMBL287257,,CN1Cc2cc(ccc2C(C1)c3ccc(c(c3)Cl)Cl)OC,DICLOFENSINE,322.23,8.1,,3.1,2,4.4
CHEMBL34833,,CCCCCCCCCCCCCCCC[n+]1ccccc1.[Cl-],CETYLPYRIDINIUM CHLORIDE,339.99,,,2.3,1,1.2
CHEMBL38380,,c1cc2cnccc2c(c1)S(=O)(=O)N3CCCNCC3,FASUDIL,291.37,7.7,,-0.1,2,15.5
CHEMBL37379,,CN(C)CCCNC(=O)C(c1ccccc1)c2ccccc2,,296.41,9.3,,1.4,2,64.8
CHEMBL831,,CN1CCN(CC1)C2=Nc3ccccc3Oc4c2cc(cc4)Cl,LOXAPINE,327.81,7.7,,3.2,2,9
CHEMBL844,,c1cc(c(c2c1nccn2)Br)NC3=NCCN3,BRIMONIDINE,292.13,7.8,,-0.2,2,0.5
CHEMBL46547,,CCOC(=O)c1c2n(cn1)-c3cccc(c3C(=O)N(C2)C)Cl,SARMAZENIL,319.74,2.5,,1.2,2,46.4
CHEMBL48222,,c1ccc(cc1)c2c(nccn2)c3ccccc3,,232.28,,,3.4,3,57.9
CHEMBL294029,,C[C@@H](c1nc(cs1)c2ccc(cc2)C#N)[C@](Cn3cncn3)(c4ccc(cc4F)F)O,RAVUCONAZOLE,437.47,2.3,,3.9,4,13
CHEMBL944,,CCN(CC)CCOC(=O)c1ccc(cc1Cl)N.Cl,CHLOROPROCAINE HYDROCHLORIDE,307.22,8.8,,1.3,1,2.4
CHEMBL61946,,CCN(CC)CCOC(=O)C1(CCCC1)c2ccccc2,CARAMIPHEN,289.41,8.6,,2.4,1,31
CHEMBL57895,,CCC1(Cc2ccccc2O1)C3=NCCN3,EFAROXAN,216.28,11.4,,-0.8,1,82.2
CHEMBL303062,,C1CCN2[C@H](C1)[C@]34C[C@H]2C=CC3=CC(=O)O4,SECURININE,217.26,7,,1,0,67
CHEMBL967,,CN1c2ccc(cc2C(=NC(C1=O)O)c3ccccc3)Cl,TEMAZEPAM,300.74,,10.6,2.2,2,70.8
CHEMBL418134,,CC(C)(C)NCC(COc1ccccc1C#N)O,BUNITROLOL,248.32,9.3,,-0.2,1,37.7
CHEMBL67096,,Cc1cccc(c1)OCC(CNC(C)C)O,TOLIPROLOL,223.31,9.3,,0.1,1,49.3
CHEMBL307202,,CC(C)c1nc(no1)c2c3n(cn2)-c4cccc(c4C(=O)N(C3)C)Cl,,357.79,2.5,,2.1,3,48
CHEMBL86304,,c1cc(ccc1C(=O)NCCN2CCOCC2)Cl,MOCLOBEMIDE,268.74,6.6,,1.5,1,12.2
CHEMBL554030,,c1ccc2c(c1)[nH]c(=O)c3n2ccn3,,185.18,5.5,7.5,1.1,3,8.6
CHEMBL90125,,CN(C)CC/C=C/1\c2ccccc2Sc3c1cc(cc3)Cl,,315.86,8.8,,3.7,2,0.6
CHEMBL89928,,c1ccnc(c1)c2ccnc(n2)Nc3cccc(c3)n4ccnc4,,314.34,6.5,,3.6,4,0.1
CHEMBL1092,,c1ccc(cc1)C(CCN2CCCCC2)(C3CCCCC3)O.Cl,TRIHEXYPHENIDYL HYDROCHLORIDE,337.93,9.5,,2.7,1,53.8
CHEMBL1101,,c1ccc(cc1)C(CCN2CCCCC2)(C3CC4CC3C=C4)O,BIPERIDEN,311.46,9.4,,2.2,1,48.2
CHEMBL1106,,c1ccc2c(c1)Cc3ccccc3N4C2CN=C4N,EPINASTINE,249.31,9.8,,-0.2,2,5.7
CHEMBL98123,,COc1ccc(cc1OC)Cc2c3cc(c(cc3ccn2)OC)OC.Cl,PAPAVERINE HYDROCHLORIDE,375.85,5.5,,2.9,3,0.4
CHEMBL93240,,CN1CCN(CC1)C2Cc3ccccc3Sc4c2cc(cc4)SC,METITEPINE,356.55,8.2,,3.1,2,0.5
CHEMBL1113,,c1ccc2c(c1)N=C(c3cc(ccc3O2)Cl)N4CCNCC4,AMOXAPINE,313.78,8.7,,2,2,7.9
CHEMBL330366,,COc1cc(cc(c1OC)OC)C(=O)N2CC[C@](C2)(CCN3CCC(CC3)(c4ccccc4)C(=O)N)c5ccc(c(c5)Cl)Cl,,640.6,9,,2.6,3,1.8
CHEMBL97170,,c1cc(ccc1C(=O)CCC(=O)N2CCN(CC2)C3CCCC3)Cl,,348.87,7.6,,2.7,1,1.8
CHEMBL95692,,COc1nccc(n1)c2c(ncn2C3CCNCC3)c4ccc(cc4)F,SB-242235,353.39,9.3,,1,3,8
CHEMBL1148,,Cc1cccc(c1)Nc2ccncc2S(=O)(=O)NC(=O)NC(C)C,TORSEMIDE,348.42,2.7,6.9,0.6,2,88.3
CHEMBL324594,,Cc1c2c(ccn1)c3ccc(cc3[nH]2)OC(=O)C,,240.26,7.6,,2.2,3,0.2
CHEMBL119135,,Cc1ccc2c(c1)c-3c(c4ccccc4n(c3n2)C)C,,260.33,7.6,,3.4,4,0.2
CHEMBL119489,,CN(C)c1cccc2c1cccc2S(=O)(=O)N,,250.32,5.3,9.7,2,2,60.5
CHEMBL411528,,COc1ccc-2c(c1)Cc3c2nc(c(c3c4ccc(cc4Cl)Cl)CN)N,,386.27,8.2,,3.4,3,65.4
CHEMBL414242,,c1ccc2c(c1)ccc(n2)/C=C/c3cccc(c3)O,,247.29,5.5,7,3,3,0.7
CHEMBL340211,,c1ccnc(c1)N2CCN(CC2)CCCC(=O)c3ccc(cc3)F,AZAPERONE,327.4,7.1,,2.9,2,0.8
CHEMBL129542,,c1cc(ccc1CN2CCCCC2)OCCCN3CCCCC3,JNJ-5207852,316.48,9.6,,0.1,1,0.5
CHEMBL130104,,CCn1c(=O)c2ccccc2c(n1)n3ccnc3,,240.26,7.6,,1.1,2,52.1
CHEMBL335917,,COc1ccc(cc1OC)c2c3ccccc3c(=O)n(n2)CCn4ccnc4,,376.41,9.8,,1.3,3,1.9
CHEMBL1218,,CCC(=O)NCC[C@@H]1CCc2c1c3c(cc2)OCC3,RAMELTEON,259.34,,11.6,2.4,1,67.4
CHEMBL337815,,Cc1nc2cc([nH]c2c(n1)NCCN3CCOCC3)c4ccccc4,,337.42,7.5,11.1,1.9,3,0.2
CHEMBL137259,,Cc1nc2cc([nH]c2c(n1)N3CCCCCC3)c4ccccc4,,306.4,6.9,11.8,3.5,3,0.1
CHEMBL136298,,CC(=O)NCC1(CCN(CC1)CCCC(=O)c2ccc(cc2)F)c3ccccc3,ACEPERONE,396.5,9.1,,1.3,2,2.6
CHEMBL343793,,c1ccc(cc1)CN2CCC3(CC2)c4ccccc4C(=O)O3,,293.36,7.9,,2.7,2,7.7
CHEMBL145058,,Cc1cnc2n1c3ccccc3nc2NC4CCCC4,,266.34,6.8,,3.3,3,4.1
CHEMBL151445,,c1ccc(cc1)N2CCN(CC2)CC(CO)O,DROPROPIZINE,236.31,7.1,,0.8,1,34.8
CHEMBL150912,,c1ccc(cc1)n2c3ccccc3[nH]c2=O,,210.23,,9.9,2.8,2,47.4
CHEMBL358879,,COc1cc(cc(c1OC)OC)Cc2c(nc(nc2N)N)c3ccccc3,,366.41,7,,2.5,3,6.1
CHEMBL152067,,CC(C)(C)NCC(COc1ccc(cc1)NC(=O)NC2CCCCC2)O,TALINOLOL,363.49,9.3,,0.5,1,18.1
CHEMBL358150,,CC(C)(C(=O)OCCOC(=O)c1cccnc1)Oc2ccc(cc2)Cl,ETOFIBRATE,363.79,3.3,,3.2,2,37.2
CHEMBL1305,,c1ccc(cc1)CN(CC2=NCCN2)c3ccccc3,ANTAZOLINE,265.35,9.6,,0.6,2,17
CHEMBL162050,,c1ccc2c(c1)c(c[nH]2)C(CC(=O)O)CN,,218.25,9.9,4,-0.7,2,77.5
CHEMBL162522,,c1ccc(cc1)CN2CCN(CC2)Cc3ccccc3,,266.38,7.6,,2.6,2,17
CHEMBL368344,,CC(C)c1[nH]c2ccccc2n1,,160.22,6,,2.6,2,35.5
CHEMBL352308,,CC(C)(C)c1ccc(cc1)Nc2ccc(cc2)Oc3ccnc4c3cc(c(c4)OCCNCCO)OC,,501.62,8.5,,3.3,4,1
CHEMBL170797,,CCOC(=O)C1(CCCN(CC1)C)c2ccccc2,ETHOHEPTAZINE,261.36,8.9,,1.6,1,53.6
CHEMBL436281,,c1ccc(cc1)C2c3ccccc3C4(O2)CCNCC4,,265.35,10,,0.8,2,18.5
CHEMBL362628,,CN(C)CCc1c[nH]c2c1cc(cc2)NS(=O)(=O)c3c(nc4n3ccs4)Cl,,423.94,9.2,6.6,1.6,4,2.4
CHEMBL365294,,CCN([C@H]1CC[C@@H](CC1)NC(=O)c2c(noc2CCc3cc4c(cc3)OCO4)c5c(cccc5Cl)Cl)CC,,558.5,9.8,,2.1,3,5.8
CHEMBL188185,,CCCC(=O)N1CCCN(CC1)c2nc3cc(c(cc3c(n2)N)OC)OC,BUNAZOSIN,373.45,6.7,,1.6,2,0.2
CHEMBL363211,,Cc1cc(no1)c2nncc3n2nc(c3C(C)(C)C)OCc4ncnn4C,,368.39,,,1.8,4,41.9
CHEMBL190259,,CC1CC2C3CCC(C3(CC(C2C4(C1=CC(=O)C=C4)C)O)C)(C(=O)CO)O,,374.47,,,2,0,53.8
CHEMBL370779,,c1ccc(cc1)S(=O)(=O)n2ccc3c2cccc3N4CCNCC4,,341.43,8.8,,2,3,1.3
CHEMBL198059,,Cc1ccc(c2c1CCC2)OC[C@@H]([C@H](C)NC(C)C)O,,277.4,9.3,,1,1,12
CHEMBL201896,,c1cc(ccc1CCN)Oc2ccc(cc2)O,THYRONAMINE,229.27,9.6,10.2,0.5,2,24.4
CHEMBL381131,,c1ccc2c(c1)c(c[nH]2)C(=O)C(=O)NCc3ccncc3,,279.29,4.8,,1.8,3,1.4
CHEMBL217269,,CN(C)Cc1ccc2cc(ccc2n1)n3cnc4cc(sc4c3=O)c5ccc(cc5)Cl,,446.95,8,,3.3,4,0.1
CHEMBL384467,,C[C@@H]1C[C@H]2[C@@H]3CCC4=CC(=O)C=C[C@@]4([C@]3([C@H](C[C@@]2([C@]1(C(=O)CO)O)C)O)F)C,DEXAMETHASONE,392.46,,,1.9,0,62.7
CHEMBL375530,,c1c2c(cc(c1Cl)Cl)n(cn2)[C@H]3[C@@H]([C@@H]([C@H](O3)CO)O)O,DICHLORORIBOBENZIMIDAZOLE,319.14,3.9,11.1,1.3,2,34
CHEMBL389433,,c1cc(cc(c1)Cl)C(c2ccc3c(c2)nc[nH]3)n4ccnc4,LIAROZOLE,308.76,6.2,11.5,3.4,4,7
CHEMBL229288,,c1cc(ccc1O)Oc2ccc(cc2I)CCN.Cl,,391.63,9.5,10,1.1,2,24.5
CHEMBL1453,,C[C@]12CC[C@@H](C[C@H]1CC[C@@H]3[C@@H]2CC[C@]4([C@@]3(CC[C@@H]4C5=CC(=O)OC5)O)C)O,DIGITOXIGENIN,374.51,,,2.4,0,70.5
CHEMBL231530,,CC1=CN=C2N1C3=CC4=CC=CC=C4C=C3N=C2NC,,262.31,5.6,,3,4,1
CHEMBL396778,,C[C@@H](C(=O)N)NCc1ccc(cc1)OCc2cccc(c2)F,SAFINAMIDE,302.34,7.2,,2.1,2,2.4
CHEMBL244440,,c1cc(sc1)c2cnc(s2)N,,182.27,3.6,,2.2,2,22.3
CHEMBL391950,,COc1ccc(cc1OC)CN2CCC(CC2)Nc3nc4ccccc4s3,,383.51,8.2,,2.7,3,0.3
CHEMBL238056,,CCOc1cc(ccc1O)CN2CCC(CC2)Nc3nc4ccccc4s3,,383.51,8.1,9.9,2.8,3,1.9
CHEMBL404216,,CCC1c2cc(c(cc2C(=NN=C1C)c3ccc(c(c3)OC)OC)OC)OC,TOFISOPAM,382.45,9.8,,2.2,2,68.3
CHEMBL251642,,CCc1cccc2c1oc(c2)[C@@H](CNC(C)(C)C)O,(R)-BUFURALOL,261.36,8.7,,1.7,2,26.4
CHEMBL249856,,Cc1c([nH]c(=O)[nH]1)C(=O)c2ccc(cc2)SC,ENOXIMONE,248.3,,11.1,1.9,1,27.2
CHEMBL404881,,COc1cc2c(ccnc2cc1OC)Oc3ccc(cc3F)NC(=S)NC(=O)Cc4ccccc4,,491.53,6.9,6.3,2.6,4,0.1
CHEMBL411686,,c1cc2c(cc(nc2c(c1)C(F)(F)F)C(F)(F)F)[C@H]([C@H]3CCCCN3)O,"(R,R)-MEFLOQUINE",378.31,8.7,,2.7,2,22.5
CHEMBL258893,,C[n+]1cc2c(ccc(c2OC)OC)c3c1c4cc5c(cc4cc3)OCO5.[Cl-],CHELERYTHRINE CHLORIDE,383.82,,,0.7,4,0.2
CHEMBL260829,,Cc1cccc(c1NC(=O)CN2CCCC2=O)C,NEFIRACETAM,246.3,,,1.2,1,94.6
CHEMBL259060,,COC(=O)c1c(c2cc(ccc2c(=O)n1Cc3ccc(cc3)S(=O)(=O)C)Br)c4ccccc4,,526.4,,,3.7,3,9
CHEMBL514315,,CSCC1CN(C(=O)O1)/N=C/c2ccc(o2)[N+](=O)[O-],NIFURATEL,285.28,,,2.2,1,22.7
CHEMBL475534,,CCOC(=O)C1=C(NC(=C(C1c2cccc(c2)[N+](=O)[O-])C(=O)OC)C)C,NITRENDIPINE,360.36,3,,3,1,48.7
CHEMBL517140,,CNC(=O)c1ccc(nc1)Oc2ccc3c(c2)CCN(CC3)C4CCC4,GSK189254,351.44,8.5,11.3,1.5,2,1.5
CHEMBL490672,,CCc1cc(cc(n1)CC)CC[C@@]2(CC(=C(C(=O)O2)Cc3nc4nc(cc(n4n3)C)C)O)C5CCCC5,FILIBUVIR,503.64,7.6,5.9,2.5,3,18.9
CHEMBL454950,,C[C@]1(c2cccc(c2C(=O)C3=C([C@]4([C@@H](C[C@@H]31)[C@@H](C(=C(C4=O)C(=O)N)O)N(C)C)O)O)O)O.Cl,TETRACYCLINE HYDROCHLORIDE,480.9,9.4,3.3,-1,1,5.4
CHEMBL465477,,C[C@]12c3ccccc3C[C@H](N1)c4c2cccc4.C(=C\C(=O)O)\C(=O)O,,337.37,8.6,,1.9,2,44.9
CHEMBL1620,,CN(C)CCOC(c1ccccc1)c2ccccc2.Cl,DIPHENHYDRAMINE HYDROCHLORIDE,291.82,8.5,,2.2,2,72.9
CHEMBL1633,,CN1CCC(=C2c3ccccc3CC(=O)c4c2ccs4)CC1.C(=C/C(=O)O)\C(=O)O,KETOTIFEN FUMARATE,425.5,9,,2.3,2,9.4
CHEMBL1642,,Cc1ccc(cc1Nc2nccc(n2)c3cccnc3)NC(=O)c4ccc(cc4)CN5CCN(CC5)C.CS(=O)(=O)O,IMATINIB MESYLATE,589.71,8.4,,2.2,4,0.4
CHEMBL478629,,c1cc(ccc1c2cnc3c(cnn3c2)c4ccncc4)OCCN5CCCCC5,DORSOMORPHIN,399.49,8.7,,2.5,4,0.2
CHEMBL1653,,CN(C)CCC(c1ccccc1)c2ccccn2.C(=C\C(=O)O)\C(=O)O,PHENIRAMINE MALEATE,356.42,9.1,,0.7,2,42.9
CHEMBL521582,,CCCN(CCC)CCc1ccc(c(c1)OCCc2ccccc2)OC.Cl,,391.97,9.4,,3,2,3.3
CHEMBL444981,,CCc1c(c2c3c(c(ncn3)N)sc2nc1C)C,,258.34,4.1,,3.3,3,0.6
CHEMBL503237,,CN1C2CCC1CC(C2)OC3c4ccccc4CCc5c3cccc5,,333.47,9.8,,2.4,2,7.8
CHEMBL1677,,c1ccc2c(c1)c(c3c(n2)CCCC3)N.Cl,TACRINE HYDROCHLORIDE,234.72,9.7,,0.5,2,0.2
CHEMBL531742,,CCc1ccc(cc1)OCc2ccccc2C(=O)Nc3ccc4c(c3)c(cc(n4)C)N.Cl,,447.96,9.1,,3,4,0.6
CHEMBL544665,,CCCCCCCCc1ccc(cc1)CCC(CO)(CO)N.Cl,FINGOLIMOD HYDROCHLORIDE,343.93,8.5,,2.1,1,2.8
CHEMBL1692,,CN(C)CCCN1c2ccccc2CCc3c1cccc3.Cl,IMIPRAMINE HYDROCHLORIDE,316.87,9.1,,2.5,2,9.2
CHEMBL544784,,c1cc2c3c(c1)c(=O)n(cc3CCC2)[C@@H]4CN5CCC4CC5.Cl,,330.85,7.2,,2.4,1,0.6
CHEMBL543869,,CCOC(=O)Nc1ccc(nc1N)NCc2ccc(cc2)F.Cl,,340.78,6.4,11.6,2.6,2,0.3
CHEMBL553725,,c1ccc2c(c1)cc(o2)C3=NCCN3.Cl,,222.67,8,,0.5,2,1
CHEMBL543467,,c1ccc2c(c1)OCC(O2)C3=NCCN3.Cl,IDAZOXAN HYDROCHLORIDE,240.69,8.4,,-0.1,1,32.8
CHEMBL560563,,Cc1cc(nn1CC(=O)NCCN(C)C)c2ccc(c(c2)C(=O)NCC3(CCCCCC3)O)Cl,,490.04,8.2,11.9,2.1,2,1.7
CHEMBL564660,,c1ccc(cc1)c2nc3ccccc3c(n2)Nc4ccncc4,,298.34,8,,3.3,4,0.4
CHEMBL550011,,CN(C)CCN(Cc1ccc(cc1)Cl)c2ccccn2.Cl,CHLORPYRAMIN HYDROCHLORIDE,326.26,7.8,,2.3,2,3.4
CHEMBL551767,,c1cc(c(cc1Cl)Cl)CCC(=O)Nc2c3ccc(nc3ccc2Cl)N4CCNCC4,,463.79,8.7,11.9,3,3,0.2
CHEMBL558752,,Cn1c2ccc(cc2nc1Nc3ccc(cc3)C(F)(F)F)Oc4ccnc(c4)c5[nH]c(cn5)C(F)(F)F,CHIR-265,518.41,5.5,9.7,4,5,1
CHEMBL600132,,CC1(Cc2cc(c(cc2C3=NNC(=O)C3=N1)OC)OC)C,,287.31,6,6.8,1.2,1,30.2
CHEMBL609461,,CC1CC(=CCC1CNCCCN(C)C)CCC=C(C)C,,292.5,10.4,,1.8,0,0.3
CHEMBL1766,,C[C@@H]1C[C@H]2[C@@H]3CCC4=CC(=O)C=C[C@@]4([C@]3([C@H](C[C@@]2([C@H]1C(=O)CO)C)O)F)C,DESOXIMETASONE,376.46,,,2.3,0,40.4
CHEMBL1164033,,CN(C)CCOc1cc(ccc1Cl)NS(=O)(=O)c2c(cc(cc2Cl)C(F)(F)F)Cl,SB611812,491.74,8.2,6.3,2.9,2,4.9
CHEMBL1189513,,c1cc(oc1/C=N/N2CC(OC2=O)CN3CCOCC3)[N+](=O)[O-],FURALTADONE,324.29,6.8,,0.6,1,13.6
CHEMBL1194666,,CCN(CC)C(C)C(=O)c1ccccc1,DIETHYLPROPION,205.3,8.4,,1.5,1,95.5
CHEMBL1200323,,CC(CCc1ccccc1)NCC(c2ccc(c(c2)C(=O)N)O)O.Cl,LABETALOL HYDROCHLORIDE,364.87,8.4,9,0.9,2,6.7
CHEMBL1200396,,CCCCN1CCCCC1C(=O)Nc2c(cccc2C)C.Cl,BUPIVACAINE HYDROCHLORIDE,324.89,7.8,,2.5,1,55.8
CHEMBL1200406,,Cn1c2c(c(=O)n(c1=O)C)[nH]c(n2)Cl.CN(C)CCOC(c1ccccc1)c2ccccc2,DIMENHYDRINATE,469.96,8.5,,2.2,2,38.6
CHEMBL1200454,,CC(C)[C@@H](C(=O)OCC(CO)OCn1cnc2c1nc([nH]c2=O)N)N.Cl,VALGANCICLOVIR HYDROCHLORIDE,390.82,7.8,9.1,-0.1,1,7
CHEMBL1200473,,CN(C)CCOC(=O)C(c1ccccc1)C2(CCCC2)O.Cl,CYCLOPENTOLATE HYDROCHLORIDE,327.85,8.3,,1.5,1,82.4
CHEMBL1200587,,CN1CCN(CC1)CCCN2c3ccccc3Sc4c2cc(cc4)Cl.C(=C\C(=O)O)\C(=O)O,PROCHLORPERAZINE MALEATE,490.01,8.6,,3.3,2,0.3
CHEMBL1200617,,CCC(=O)[C@]1([C@@H](C[C@@H]2[C@@]1(C[C@@H]([C@H]3[C@H]2CCC4=CC(=O)C=C[C@]34C)O)C)C)C,RIMEXOLONE,370.52,,,3.4,0,41
CHEMBL1200654,,CCCCOc1cc(ccc1N)C(=O)OCCN(CC)CC.Cl,BENOXINATE HYDROCHLORIDE,344.88,8.8,,2.2,1,1
CHEMBL1200708,,CC(C)NCC(COc1ccc(cc1)COCCOC(C)C)O.C(=C/C(=O)O)\C(=O)O,BISOPROLOL FUMARATE,441.52,9.3,,0.3,1,46.8
CHEMBL1200710,,CN(C)CCCN1c2ccccc2CCc3c1cc(cc3)Cl.Cl,CLOMIPRAMINE HYDROCHLORIDE,351.31,9.1,,3.2,2,4.7
CHEMBL1200714,,CN1C(S(=O)(=O)CCC1=O)c2ccc(cc2)Cl,CHLORMEZANONE,273.74,,,1.2,1,86.3
CHEMBL1200750,,CC(CN1c2ccccc2Sc3c1cccc3)N(C)C.Cl,PROMETHAZINE HYDROCHLORIDE,320.88,9,,2.9,2,3.4
CHEMBL1200798,,c1ccn2c(c1)nn(c2=O)CCCN3CCN(CC3)c4cccc(c4)Cl.Cl,TRAZODONE HYDROCHLORIDE,408.32,6.9,,2.8,1,1.7
CHEMBL1200809,,CN1CCCC(CC1)n2c(=O)c3ccccc3c(n2)Cc4ccc(cc4)Cl.Cl,AZELASTINE HYDROCHLORIDE,418.36,9.2,,2.5,2,0.3
CHEMBL1200870,,CC(C)(C)NC[C@@H](COc1c(nsn1)N2CCOCC2)O.C(=C\C(=O)O)\C(=O)O,TIMOLOL MALEATE,432.49,9.3,,-0.4,1,33.9
CHEMBL1200875,,Cc1c(=O)c2cccc(c2oc1c3ccccc3)C(=O)OCCN4CCCCC4.Cl,FLAVOXATE HYDROCHLORIDE,427.92,8.3,,3.3,2,1
CHEMBL1200906,,CC[N+](C)(CC)CCOC(=O)C(c1ccccc1)(C2CCCCC2)O.[Br-],OXYPHENONIUM BROMIDE,428.4,,,0.8,1,64
CHEMBL1200911,,c1ccc2c(c1)C(=Nc3ccccc3S2)N4CCN(CC4)CCOCCO.C(=C/C(=O)O)\C(=O)O,QUETIAPINE FUMARATE,499.58,7,,2.5,2,14.8
CHEMBL1200916,,CN1CCCCC1CCN2c3ccccc3Sc4c2cc(cc4)SC.Cl,THIORIDAZINE HYDROCHLORIDE,407.04,9.2,,3.2,2,0.2
CHEMBL1200970,,CCN(CC)C(C)CN1c2ccccc2Sc3c1cccc3.Cl,ETHOPROPAZINE HYDROCHLORIDE,348.93,9.3,,3,2,4.8
CHEMBL1201044,,Cc1ccccc1N2CCN(CC2)CCc3nnc4n3CCCC4.Cl,DAPIPRAZOLE HYDROCHLORIDE,361.91,7.8,,1.9,2,5
CHEMBL1201063,,CCCNCC(COc1ccccc1C(=O)CCc2ccccc2)O.Cl,PROPAFENONE HYDROCHLORIDE,377.9,9.1,,1.3,2,1.7
CHEMBL1201068,,CCC(=O)c1ccc2c(c1)N(c3ccccc3S2)CC(C)N(C)C.Cl,PROPIOMAZINE HYDROCHLORIDE,376.94,9,,2.5,2,0.6
CHEMBL1201150,,CNS(=O)(=O)Cc1ccc2c(c1)c(c[nH]2)CCN(C)C.C(CC(=O)O)C(=O)O,SUMATRIPTAN SUCCINATE,413.49,9.2,10.3,-0.4,2,7.5
CHEMBL1201759,,c1ccc(cc1)S(=O)(=O)O.c1ccnc(c1)[C@H](c2ccc(cc2)Cl)OC3CCN(CC3)CCCC(=O)O,BEPOTASTINE BESYLATE,547.06,8.8,3.4,0.9,2,65.1
CHEMBL1204146,,Cc1ccc(cc1)N(CC2=NCCN2)c3cccc(c3)O.Cl,PHENTOLAMINE HYDROCHLORIDE,317.81,7.6,10,2.1,2,8.2
CHEMBL1208829,,CC(C)(C)c1cc(c(c(c1)NS(=O)(=O)C)OC)NC(=O)C(=O)c2ccc(c3c2cccc3)OCCN4CCOCC4,,583.7,6.7,9.6,3.1,3,0.6
CHEMBL1213136,,CC[C@H]1[C@H](COC1=O)Cc2cncn2C.N(=O)(=O)O,PILOCARPINE NITRATE,271.27,6.9,,0.6,1,54.2
CHEMBL1213263,,CN(C)c1nc2ccc(cc2s1)N,,193.27,3.6,,2.1,2,0.2
CHEMBL1232783,,Cc1c(c(no1)c2ccccc2)c3ccnc(n3)N,,252.27,3.9,,2.2,3,54.7
CHEMBL1233973,,CCCCCCCCCCCC[N+](C)(C)[O-],,229.4,5,,2.6,0,55.2
CHEMBL1255654,,CCCCNc1ccc(cc1)C(=O)OCCN(C)C.Cl,TETRACAINE HYDROCHLORIDE,300.82,8.6,,2,1,2
CHEMBL1256192,,c1ccc2c(c1)cccc2N3CCNCC3.Cl,,248.75,8.9,,1.2,2,1.7
CHEMBL1256645,,CN1CCc2cc(c(cc2[C@H](C1)c3ccccc3)O)Cl.Cl,,324.24,8.4,9,2.5,2,5
CHEMBL1256702,,c1c([nH]cn1)C2CCN(CC2)C(=S)NC3CCCCC3.C(=C\C(=O)O)\C(=O)O,THIOPERAMIDE MALEATE,408.52,6.5,,2.3,1,4.6
CHEMBL1256794,,c1ccc2c(c1)ccc(n2)N3CCNCC3.C(=C\C(=O)O)\C(=O)O,QUIPAZINE MALEATE,329.35,8.7,,0.8,2,0.6
CHEMBL1256875,,c1ccc(cc1)N2CNC(=O)C23CCN(CC3)CCCC(=O)c4ccc(cc4)F.Cl,SPIPERONE HYDROCHLORIDE,431.93,7.9,,2.4,2,0.2
CHEMBL1257066,,c1ccc2c(c1)C=Cc3ccccc3N2CCCN4CCN(CC4)CCO.Cl,OPIPRAMOL HYDROCHLORIDE,399.96,8.1,,2.5,2,4
CHEMBL1257069,,COc1ccccc1N2CCN(CC2)CC(COc3cccc4c3cccc4)O.Cl,NAFTOPIDIL DIHYDROCHLORIDE,428.95,7.1,,3.2,3,0.3
CHEMBL1257094,,CCCCCC[C@@H]([C@@H](C)O)n1cnc2c1ncnc2N.Cl,,313.83,4,,2.4,2,88.1
CHEMBL1276275,,CC(=O)NCCN1CCCc2c1cc(cc2)CO[C@H]3CNCC[C@@H]3c4ccc(cc4)OCCCOCc5ccccc5OC,,601.78,9.4,,2.9,3,0.1
CHEMBL1289779,,CCc1cc2c(s1)-n3c(nnc3CN=C2c4ccccc4Cl)C,ETIZOLAM,342.85,6.6,,2.5,3,79.9
CHEMBL1302518,,c1ccc(c(c1)c2nnn(n2)Cc3nc(nc(n3)N4CCOCC4)N)Cl,,373.8,4.5,,1.8,3,20.9
CHEMBL1303061,,COc1ccc(cc1)c2cc(n[nH]2)C3CCN(CC3)Cc4ccc(cc4)[N+](=O)[O-],,392.45,8.9,,2.7,3,0.2
CHEMBL1305863,,Cc1ccc(cc1)CNC(=O)c2cccc(c2)n3cnnn3,,293.32,,11.4,2.2,3,21.8
CHEMBL1309656,,c1ccnc(c1)c2[nH]nc(n2)COc3ccc(cc3)Cl,,286.72,4.5,9,3,3,3.9
CHEMBL1312110,,CCCc1c2c(c3c(n[nH]c3n1)N)CC(OC2)(C)C,,260.33,9.9,,0.8,2,23.1
CHEMBL1313657,,c1cc(c(c(c1)Cl)C=NNC(=N)N)Cl,,231.08,7.8,,1.2,1,11.4
CHEMBL1324714,,CN1CCN(CC1)C(c2ccccc2)c3ccccc3.Cl,CYCLIZINE HYDROCHLORIDE,302.84,8.2,,2.3,2,28
CHEMBL1329801,,c1cc(oc1)c2c3c(nc4c2c(c(s4)C(=O)N)N)CCC3,,299.35,7.5,,2.3,3,0.8
CHEMBL1330729,,CC(C)(C)NCC(c1cc(c(c(c1)Cl)N)Cl)O.Cl,CLENBUTEROL HYDROCHLORIDE,313.65,9.1,,1.2,1,40.6
CHEMBL1338529,,C=CCn1c(n[nH]c1=S)c2ccncc2,,218.28,3.6,7.8,1.4,1,14.9
CHEMBL1338909,,COC1=CC(=O)OC(C1)CCc2ccccc2,,232.28,,,1.9,1,69.1
CHEMBL1339015,,CN1CCc2cc(c(cc2C(=O)Cc3ccc4c(c3C1)OCO4)OC)OC,,369.41,7.6,,2.3,2,3
CHEMBL1339186,,Cc1c2c(n3c(n1)c(cn3)C#N)N(NCC2)C,,228.25,7.6,,0.4,2,16.9
CHEMBL1342914,,COc1ccc(cc1)c2c(c[nH]n2)CN3CCN(CC3)c4ccc(cc4)F,,366.43,7.3,,3,3,1.5
CHEMBL1350935,,COc1ccc(cc1)n2c(=O)c(c[nH]c2=O)C(=O)Nc3ccc4c(c3)OCCO4,,395.37,,9.3,1.9,2,9.6
CHEMBL1353754,,CC(=O)c1ccc2cccc3c2c1N=CN3C,,224.26,6.4,,2.4,2,0.4
CHEMBL1359594,,c1ccc(c(c1)c2nc(no2)c3ccccc3F)C(=O)NCC4CCCO4,,367.37,,11.6,3.1,3,76.7
CHEMBL1364471,,c1cc2c(cc1Cl)ncnc2Oc3ccc(cn3)NC(=O)CCC(=O)O,,372.76,,4,0.1,3,34.1
CHEMBL1367143,,CC(c1ccccc1)Nc2c3c([nH]cn3)ncn2,,239.28,4.4,9.6,2.4,3,43.6
CHEMBL1369487,,c1ccc(cc1)c2ccc(cc2)c3csc4c3c(=O)[nH]cn4,,304.37,2.3,10.8,3.6,3,2.4
CHEMBL1369494,,Cn1c2c(cn1)c3nc(nn3cn2)Cc4ccc(cc4)OC,,294.31,,,2.1,4,9.4
CHEMBL1370663,,CC1=NN=C(c2cc3c(cc2C1)OCO3)c4ccc(cc4)N.Cl,,329.78,8.5,,1.7,2,8.7
CHEMBL1371770,,c1cnc(nc1)N2CCN(CC2)Cc3ccc4c(c3)OCO4,PIRIBEDIL,298.34,7.1,,2.4,2,5.3
CHEMBL1373952,,CCc1c(nc2cc(nn2c1O)c3cccs3)C,,259.33,,8.8,3.1,3,6.7
CHEMBL1377910,,CC1(Cc2c(sc3c2c(=O)[nH]c(n3)SC)CO1)C,,282.38,,9.8,2.7,1,32.2
CHEMBL1381322,,COc1ccc2c(c1)sc(n2)NC(=O)c3cccs3,,290.36,,8.4,3.5,3,0.5
CHEMBL1384456,,c1ccc(cc1)COC(=O)CSc2c(c(c(c(n2)N)C#N)c3ccco3)C#N,,390.42,,,3.3,3,1.5
CHEMBL1386200,,CCOC(=O)c1nn(c2n1c(=O)cc(n2)Nc3ccccc3)c4cccc(c4)OC,,405.41,3.7,,3.1,2,1.3
CHEMBL1391415,,Cc1cc(n2c(n1)nc(n2)NCc3cccc(c3)OC)C,,283.33,3.9,,2.6,3,32.9
CHEMBL1400795,,CC(=O)c1c(c2ccccc2s1)OC(=O)c3ccco3,,286.3,,,3,3,12
CHEMBL1401738,,COc1ccccc1N2CCN(CC2)Cc3ccc(o3)c4ccccc4[N+](=O)[O-],,393.44,6.8,,3.1,3,1.1
CHEMBL1404392,,Cc1ccc(cc1)c2cc(no2)C(=O)Nc3cc(on3)C,,283.28,12.2,,2.4,2,5.7
CHEMBL1406363,,c1cc(ccc1c2cnn3c2nc(c(c3)CCN4CCOCC4)c5ccc(cc5)F)F,,420.45,6.7,,3.3,4,0.5
CHEMBL1407280,,Cc1c(c(=O)n(n1C)c2ccccc2)NC(=O)c3cc(on3)c4ccccc4O,,390.39,,8.3,2.3,3,16.3
CHEMBL1408489,,Cc1nc2ccccc2c3n1nc(n3)NC(=O)Cc4ccccc4,,317.34,4.9,,3.1,2,5
CHEMBL1408594,,CCN(CCCc1ccccc1)CCCc2ccccc2.C(C(=O)O)C(CC(=O)O)(C(=O)O)O,ALVERINE CITRATE,473.56,9.4,,2.7,2,9.6
CHEMBL1408709,,CCCc1ncc(n1C)C(c2ccccc2OC)O,,260.33,6.9,,1.8,2,87.6
CHEMBL1408724,,C=CCn1c2ccccc2c3c1nc(nn3)SCCN4CCCCC4,,353.48,9.2,,2,3,0.2
CHEMBL1409758,,c1ccc2c(c1)c(nc(n2)c3cccnc3)NCCN4CCOCC4,,335.4,7,,2.2,3,0.1
CHEMBL1409850,,c1cc(cnc1)CNc2c(nc(o2)c3ccco3)C#N,,266.25,4.4,,2.1,3,6.9
CHEMBL1411693,,Cc1cc(nc(n1)n2c(cc(n2)C)OC)OC,EPIRIZOLE,234.25,2.2,,2.1,2,84.7
CHEMBL1412305,,CC(Cc1cccc(c1)C(F)(F)F)NCCOC(=O)c2ccccc2.Cl,BENFLUOREX HYDROCHLORIDE,387.82,9.3,,2.5,2,2.7
CHEMBL1413383,,c1cc2c(c(c1)Cl)nc(s2)N,,184.65,2.6,,2.5,2,42.7
CHEMBL1414153,,c1ccc2c(c1)ncn2CCn3cnc4c3cccc4,,262.31,5.8,,2.6,4,12.2
CHEMBL1417614,,c1cc(ccc1c2cnn3c2ncc(c3N)C(=O)O)Cl,,288.69,3.2,5.1,-0.2,3,47.4
CHEMBL1424493,,c1cc(ccc1c2c(cnc(n2)N)n3cncn3)Cl,,272.69,4.4,,2,3,49.8
CHEMBL1425656,,CCCc1nnc(s1)NC(=O)c2cc3ccccc3oc2=O,,315.35,3.3,6.7,2.1,2,1.1
CHEMBL1429914,,c1cc(ccc1CNC2CN3CCC2CC3)Cl.Cl,,287.23,9.4,,1,1,2.7
CHEMBL1437764,,CC(C)(C)C(=O)C(n1ccnc1)Oc2ccc(cc2)Cl,CLIMBAZOLE,292.76,5.7,,3.1,2,68.5
CHEMBL1439099,,CCN(CC)CCOC(=O)C(Cc1cccc2c1cccc2)CC3CCCO3.C(=O)(C(=O)O)O,NAFRONYL OXALATE,473.56,8.5,,2.9,2,4
CHEMBL1440824,,Cc1cc(n[nH]1)NC(=O)NC(=O)c2cccc(c2)OC,,274.28,11.7,4.8,0.8,1,3.1
CHEMBL1442422,,CN1c2ccccc2C(=O)N(c3c1cccc3)CCN(C)C,DIBENZEPIN,295.38,7.7,,2.2,2,15.7
CHEMBL1445038,,c1cc(cc(c1)Cl)CN2CCCCCC2,,223.74,8.2,,2.5,1,28.7
CHEMBL1445456,,Cn1c2ccccc2nc1CNc3nc4ccccc4n3C,,291.35,6.3,,2.4,4,0.9
CHEMBL1446987,,CC(C)C(=O)Nc1ccc(c(c1)OC)NC(=O)c2ccco2,,302.33,,10.1,2.7,2,62.1
CHEMBL1448385,,COc1ccc(c(c1)OC)NC(=O)CSc2[nH]c3c(n2)cccn3,,344.39,4.6,9.2,2.4,3,9.3
CHEMBL1448649,,c1cc2c(cc1NC(=O)NCCCn3ccnc3)OCO2,,288.3,6.6,,1.4,2,1.9
CHEMBL1452696,,CC(=CCC1C(=O)N(N(C1=O)c2ccccc2)c3ccccc3)C,FEPRAZONE,320.39,,5.5,1.4,2,15.5
CHEMBL1455628,,CCc1nc2c(c(cs2)c3ccccc3)c(=O)n1N,,271.34,3.4,,2.6,2,25.6
CHEMBL1457918,,COCCN1CCn2c3ccc(cc3nc2C1)NC(=O)c4ccc(cc4)OC,,380.44,6.6,10.9,2.3,3,1.2
CHEMBL1458172,,c1cc2c(cc1CN3CCN(CC3)c4c5c([nH]cn5)ncn4)OCO2,,338.36,6.9,9.4,1.9,3,0.3
CHEMBL1459564,,Cc1cccc2c1nc(cc2Nc3ccc(cc3)N4CCOCC4)C.Cl,,369.89,8.5,,2.8,3,0.3
CHEMBL1461920,,CC1(Cc2ccccc2C(=N1)NNC(=O)c3ccccc3)C,,293.36,9.4,11.4,1.5,2,22.8
CHEMBL1471300,,Cc1cc2c(ncnc2s1)Nc3ccc(cc3)OC.Cl,,307.8,4.5,,3.6,3,4.4
CHEMBL1476337,,COc1ccc(c(c1OC)OC)CN2CCNCC2.Cl,,302.8,9.5,,-0.1,1,14.6
CHEMBL1483004,,Cc1c2ccccc2oc1C(=O)Nc3ccncc3,,252.27,5.9,11.6,3.2,3,0.2
CHEMBL1484090,,c1ccc(cc1)Cc2nc3ccccc3c4n2nc(n4)N,,275.31,6.9,,2.3,4,10.9
CHEMBL1484499,,Cn1c2ccccc2nc1COc3c4ccccc4c(nn3)c5ccc(cc5)OC,,396.44,5.6,,3.7,5,3.6
CHEMBL1486886,,C=CCn1c(n[nH]c1=S)Cc2[nH]c3ccccc3n2,,271.34,5.2,7.1,1.9,2,6.2
CHEMBL1488825,,Cc1c(n(c2c1c(ncn2)NCCCN(C)C)Cc3ccccc3)C,,337.46,9.2,,1.8,3,0.7
CHEMBL1489029,,Cc1nc2ccccc2n1CCOc3ccccc3,,252.31,6.4,,3.1,3,34.9
CHEMBL1490469,,c1ccc(cc1)C(c2ccccc2)N3CCNCC3,,252.35,9.4,,1.2,2,28.6
CHEMBL1492516,,c1ccc(cc1)C(c2ccc(cc2)Cl)OCCN3CCCCC3.Cl,CLOPERASTINE HYDROCLORIDE,366.32,8.7,,3.1,2,12.3
CHEMBL1497717,,Cc1c(c(on1)/C=C/c2cccnc2)[N+](=O)[O-],,231.21,4.2,,1.9,2,26.6
CHEMBL1498453,,Cc1c2cc(c(=O)[nH]c2n(n1)c3ccccc3)CNCc4ccc5c(c4)OCO5,,388.42,6.9,11.4,2.4,3,0.2
CHEMBL1503645,,Cc1nc(n(n1)c2ccccc2)c3ccccc3O,,251.28,,7.8,3,3,64.7
CHEMBL1503923,,c1ccc2c(c1)cccc2OCCCCN3CCN(CC3)C(=O)c4ccco4.Cl,,414.93,7.1,,3.1,3,0.2
CHEMBL1505273,,Cc1c-2c(n(n1)c3ccccn3)CCc4c2nc(nc4)N,,278.31,3.7,,2,3,0.8
CHEMBL1505791,,c1ccc2c(c1)nc(n2CC(=O)c3ccco3)NCCCO.Br,,380.24,5.9,,2,3,13.1
CHEMBL1507898,,Cc1nc(c(c(n1)N)Cc2ccc(cc2Cl)Cl)N,,283.16,7.7,,2.4,2,2.6
CHEMBL1513237,,CN([C@H]1CCCC[C@@H]1N2CCCC2)C(=O)Cc3ccc(c(c3)Cl)Cl.CS(=O)(=O)O,(-)-U-50488 METHANE SULFONATE,465.43,7.8,,3.2,1,9.7
CHEMBL1518065,,c1ccc2c(c1)c(=O)[nH]n(c2=O)CC(=O)Nc3cccc(c3)c4nnc5n4CCCCC5,,430.46,3.4,5.6,1.4,3,0.9
CHEMBL1521224,,c1ccc2cc(ccc2c1)S(=O)(=O)N3CCN=C(C=C3)C(F)(F)F,,354.35,8.2,,2.6,2,17
CHEMBL1522764,,c1cc(cc(c1)F)Cn2ccc(n2)c3ccc4c(c3)OCO4,,296.3,,,3.4,3,21.6
CHEMBL1527095,,c1ccc(cc1)c2cc(c(c(=O)[nH]2)C#N)c3ccco3,,262.26,,7.4,2.3,2,5
CHEMBL1527335,,COc1ccccc1OCCCCN2CCCCC2,,263.38,9.6,,1.3,1,14.7
CHEMBL1535643,,CC1(CC(=CC(=O)C1)NCCN2CCN(CC2)C(=O)Nc3ccccc3)C,,370.49,6.7,,1.9,1,13.5
CHEMBL1539860,,Cc1cccc(c1)n2c(=N)c(cc(n2)C(=O)c3ccco3)c4[nH]c5ccccc5n4,,395.41,8.4,11.8,2.9,4,0.1
CHEMBL1540130,,Cc1c(c(n(n1)c2ccc(cc2)[N+](=O)[O-])N)c3ccccc3,,294.31,2.9,,3.2,3,17.5
CHEMBL1543691,,CCN1CCc2c(sc(n2)NC(=O)c3ccccc3)C1,,287.38,7.7,9.8,2.2,2,0.5
CHEMBL1544628,,Cc1ccc(s1)c2nc3c(n2C)c(=O)[nH]c(=O)n3Cc4ccccc4,,352.41,,8.8,3,3,13.2
CHEMBL1548684,,CC(C)(C)C(=O)Cn1c2ccccc2nc1NCCCO.Br,,370.28,6.4,,2,2,47.6
CHEMBL1550643,,c1ccc(cc1)NNC2=NCCS2.Br,,274.18,8.2,10.7,0.9,1,4.2
CHEMBL1556325,,COc1ccc(c(c1)OC)NC(=O)N2CCc3ccccc3C2,,312.36,,10.7,3,2,59.7
CHEMBL1558218,,c1ccc(cc1)CCSc2c3c([nH]cn3)ncn2,,256.33,,8.8,3,3,10.5
CHEMBL1563614,,Cc1c(c2ccccc2[nH]1)C(CN3CCC4(CC3)OCCO4)O,,316.39,8,,1.4,2,3.5
CHEMBL1564579,,Cc1nc2c(ccs2)c(=O)n1c3ccccc3Cl,,276.74,2.4,,3.1,2,69.7
CHEMBL1565882,,c1ccc(cc1)C2=NCC(=O)N(c3c2cc(cc3)Br)CC(=O)NN,,387.23,3.8,,1.8,2,2.3
CHEMBL1568119,,Cc1c(c(=O)c2ccccc2[nH]1)CN3CCCCC3,,256.34,6.9,11.3,2.5,1,5.3
CHEMBL1586533,,c1cc(nn2c1nnc2C(C(F)(F)F)(F)F)n3ccnc3,,304.18,4.7,,1.6,3,71.9
CHEMBL1600671,,CN(C)c1ccc(cc1)C(C(=O)OC)(C(F)(F)F)O,,277.24,4.6,11.2,2.1,1,80.8
CHEMBL1600780,,CC(Cc1c[nH]c2c1cc(cc2)OCc3cccs3)N.Cl,,322.85,10.1,,0.6,3,1
CHEMBL1605989,,Cn1c2ccc(cc2nc1CN3CCCCC3)[N+](=O)[O-],,274.32,7.5,,1.8,2,3.7
CHEMBL1615374,,c1cc2c(cc1C#N)c(c[nH]2)CCCCN3CCN(CC3)c4ccc5c(c4)cc(o5)C(=O)N.Cl,VILAZODONE HYDROCHLORIDE,477.99,8.4,11.5,2.5,4,0.1
CHEMBL1625802,,Cc1ccc(cc1)C2(CN3CCC2CC3)O,,217.31,9,,0.5,1,46.2
CHEMBL1626440,,Cc1c(c2ccccc2[nH]1)CN3CCC(CC3)Cc4ccccc4,,318.46,9.3,,2.9,3,0.9
CHEMBL1697760,,CC(c1ccc(c(c1)Cl)Cl)N2C(=O)CC(=N2)N,MUZOLIMINE,272.13,,,2.7,1,3.5
CHEMBL1697767,,c1ccc(cc1)C(CNc2ccccn2)O,PHENYRAMIDOL,214.26,6,,2.1,2,17.6
CHEMBL1697832,,C[C@]12C[C@@H]([C@H]3[C@H]([C@@H]1CC[C@@]2(C(=O)CO)O)C=C(C4=CC(=O)C=C[C@]34C)Cl)O,CLOPREDNOL,392.87,,,1.8,0,41.7
CHEMBL1703469,,Cc1ccccc1OCC(=O)NCCN2CCCC2.Cl,,298.81,8.9,,0.2,1,20.8
CHEMBL1710898,,CCN1CCCC1CNC(=O)C(=O)Nc2cccc(c2)OC,,305.37,8.1,11.6,0.8,1,4.1
CHEMBL1711280,,CN(C)CC/C=C/1\c2ccccc2CSc3c1cccc3.Cl,DOTHIEPIN HYDROCHLORIDE,331.9,8.8,,2.3,2,3.7
CHEMBL1715107,,COc1cc(c(c(c1)OC)C(=O)CCCN2CCCC2)OC.Cl,,343.85,9.1,,1.6,1,9.1
CHEMBL1717644,,Cc1ccc(cc1)C(=O)Nc2nc(n(n2)c3ccccc3)N,,293.32,5.7,6.8,2.3,2,16.5
CHEMBL1718204,,CCC(C)(CN(C)C)OC(=O)c1ccccc1.Cl,,271.78,8,,1.8,1,38.9
CHEMBL1723823,,CN1c2ccc(cc2C3c4ccccc4CCN3CC1=O)Cl,CLAZOLAM,312.79,4.2,,3.2,2,45.3
CHEMBL1724473,,c1cc(oc1)CNc2c3c(c4cc(ccc4[nH]3)F)ncn2,,282.27,5.3,10.5,2.8,4,0.6
CHEMBL1725500,,COc1ccccc1NC(=O)N2CCN(CC2)CCc3ccccc3,,339.43,7.4,11.5,2.7,2,18.2
CHEMBL1730793,,CCOc1ccccc1NC(=O)CC2C(=O)N(C(=N)S2)c3ccccc3,,369.44,5,6.1,2,2,24.4
CHEMBL1740022,,c1ccc(cc1)C2=CSC3=NCCN23,,202.28,8.7,,1.7,1,2.7
CHEMBL1740701,,Cc1cc(c2cc(ccc2n1)OC)Nc3ccccc3O,,280.32,8.2,9,2.4,3,15.7
CHEMBL1742420,,CCOC(=O)/N=C(/c1ccc(cc1)OCc2cccc(c2)COc3ccc(cc3)C(C)(C)c4ccc(cc4)O)\N,AMELUBANT,538.63,5.3,10.2,3.7,4,0.4
CHEMBL1782221,,CCCCCCCCCCCCCC[N+](C)(C)[O-],,257.46,5,,3.1,0,13.2
CHEMBL1818107,,c1ccc(cc1)c2ccc3c(c2)nc(nc3N)N,,236.27,7.1,,2.3,3,0.2
CHEMBL1875882,,c1ccc(cc1)C(=O)c2cccn2CC(=O)NCCCN3CCOCC3,,355.43,7.6,,1.6,2,20.9
CHEMBL1876082,,CC(C)NCC(c1ccc2ccccc2c1)O.Cl,PRONETALOLHYDROCHLORIDE,265.78,9.4,,1.1,2,14.6
CHEMBL1885110,,Cc1[nH]c(nn1)SCC(=O)Nc2ccccn2,,249.29,4.2,9.7,1.2,2,74.7
CHEMBL1904581,,Cc1nc2ccccc2c(=O)n1NC(=O)c3cc(c(c(c3)OC)OC)OC,,369.37,2.5,,1.9,2,51.8
CHEMBL1908307,,Cn1cc(c(=O)c2c1cc(cc2)F)S(=O)C,FLOSEQUINAN,239.27,2.3,,0.7,1,53.9
CHEMBL1940179,,CCc1cc2c(cc1N3CCN(CC3)C4CCC4)C(c5c(c6ccc(cc6[nH]5)C#N)C2=O)(C)C,,452.59,7.5,10.6,4.2,3,0.3
CHEMBL1945750,,Cc1nccn1CC(=O)c2ccccc2,,200.24,6.5,,1.6,2,20.2
CHEMBL1963131,,COc1ncc(cc1)[C@]2(CC[C@H](CC2)N3C[C@@H](CC3)NC(=O)CNC(=O)c4cc(ccc4)C(F)(F)F)O,,520.54,8.1,,1.7,2,1.7
CHEMBL1979576,,CN1CC2(C3CC4C5(C2C1C3CO4)c6ccccc6NC5=O)C=C,,322.4,7.3,10.5,1.2,1,28.9
CHEMBL1994889,,C[N+](C)(CCC=C1c2ccccc2CCc3c1cccc3)[O-].Cl,,329.86,4.8,,2.3,2,43.7
CHEMBL2068808,,CNC1(CCCCC1=O)c2ccccc2,,203.28,7.6,,1.7,1,72
CHEMBL2068839,,Cc1ccc(cc1)COC(=O)N2CC[C@@H]([C@@H](C2)F)CNc3ncccn3,CERC-301,358.41,3.9,,3.2,2,33.6
CHEMBL2103779,,CN1CC(=O)N=C1NC(=O)Nc2cccc(c2)Cl.O,FENOBAM HYDRATE,284.7,4.4,9.3,1.7,1,12.3
CHEMBL2104023,,C[C@@H]([C@@H](c1ccccc1)O)NCCC(=O)C2CCCCC2,ALIFEDRINE,289.41,8.7,,1.2,1,31.9
CHEMBL2104106,,CNCC12CCC(c3c1cccc3)c4c2cccc4.Cl,BENZOCTAMINE HYDROCHLORIDE,285.81,9.8,,1.3,2,25.2
CHEMBL2104298,,c1cc(ccc1C(=O)NCCCN2CCOCC2)Cl,EPROBEMIDE,282.77,7.4,,1.7,1,10.7
CHEMBL2104359,,C1CC(=O)N(C1)CC(=O)NNC(=O)CN2CCCC2=O,DUPRACETAM,282.3,,9.7,-0.4,0,81.4
CHEMBL2104451,,CN1c2ccc(cc2C(=NCC1CO)c3ccccc3Cl)Cl,TUCLAZEPAM,335.23,4.7,,3.4,2,18.1
CHEMBL2104633,,CCc1ccccc1n2c(nc3ccccc3c2=O)C,ETAQUALONE,264.32,2.9,,3,2,64.5
CHEMBL2105199,,c1ccnc(c1)C(=O)c2cnn3c2nccc3c4ccncc4,OCINAPLON,301.3,3.7,,1.1,4,4.1
CHEMBL2105302,,c1ccc(cc1)C(Cc2nc(on2)CCN3CCCCC3)c4ccccc4,PRENOXDIAZINE,361.48,7.6,,3.3,3,6.1
CHEMBL2105561,,CN1CCN(CC1)C(=O)OC2C3=C(C(=O)N2c4ccc5ccc(nc5n4)Cl)SCCS3,SURICLONE,477.99,7.7,,2.2,2,0.1
CHEMBL2106138,,C[N+]1(CCCCC1)CCC(c2ccccc2)(c3ccccc3)C(=O)N.[Br-],FENPIVERINIUM BROMIDE,417.38,,,0.8,2,66.3
CHEMBL2106212,,CN(C)CCCN1Cc2ccccc2C(=C)c3c1cccc3,ENPRAZEPINE,292.42,9.1,,2.4,2,0.4
CHEMBL2106314,,CC(C)N(CCC(c1ccccc1)c2ccccc2)C(C)C.Cl,DIISOPROMINE HYDROCHLORIDE,331.92,9.7,,2.8,2,50.6
CHEMBL2106515,,CCN(CC)CCNC(=O)COc1ccc(cc1)Cl,CLOFEXAMIDE,284.78,8.9,,1.1,1,7.5
CHEMBL2106673,,Cc1ccccc1C(c2ccccc2)OCCNC.Cl,TOFENACIN HYDROCHLORIDE,291.82,9.5,,1.4,2,26
CHEMBL2106897,,CCC(=O)OC1(CCN(C1C)C)c2ccccc2.Cl,PRODILIDINE HYDROCHLORIDE,283.79,8.2,,1.5,1,85.2
CHEMBL2106927,,CCCCN1CCC(CC1)CNC(=O)c2c3ccccc3n4c2OCCC4.Cl,PIBOSEROD HYDROCHLORIDE,405.96,9.8,,1.2,2,1.1
CHEMBL2106997,,CCC(c1ccccc1)c2nc(on2)CCN(CC)CC,PROXAZOLE,287.4,7.7,,2.5,2,41.6
CHEMBL2107008,,Cc1csc(c1NC2=NCCN2)Cl.Cl,TIAMENIDINE HYDROCHLORIDE,252.16,9.6,,-0.3,1,81.8
CHEMBL2107035,,"
C[C@@H]1CN(C[C@@H](N1)C)CCCn2c3ccccc3c4c2cccc4.Cl",RIMCAZOLE HYDROCHLORIDE,357.92,9.7,,2,3,0.3
CHEMBL2107246,,CC(CN1c2ccccc2Sc3c1nccc3)N(C)C.Cl,ISOTHIPENDYL HYDROCHLORIDE,321.87,8.8,,2.1,2,1.1
CHEMBL2110784,,CCOC(=O)CN1CCN(CC1)C(=O)/C=C/c2cc(c(c(c2)OC)OC)OC,CINEPAZET,392.45,6.9,,1.1,1,40.2
CHEMBL2110856,,CN(C)CCCN1c2ccccc2CC(=O)c3c1cccc3,KETIPRAMINE,294.39,9.1,,1.8,2,3.7
CHEMBL2111123,,CN(C)CCN1c2ccccc2SC(CC1=O)c3ccccc3,THIAZESIM,326.46,8,,2.6,2,6.8
CHEMBL2137785,,c1ccc(cc1)c2cc(n(n2)c3ccccc3)c4ccccc4,,296.37,,,4,4,15.5
CHEMBL2144173,,CCOC(=O)c1cnc2cc(nn2c1C)c3ccc(cc3)C,,295.34,2.8,,3.4,3,27.9
CHEMBL2180179,,c1ccc2c(c1)c3c(o2)C(=NCC(=O)N3)c4cccc(c4)Br,,355.19,,10,3.3,3,14.7
CHEMBL2261869,,Cc1cccc(c1)n2c(nnc2S)Cn3c(cc(n3)C)C,,299.39,2.2,7.7,2.6,2,24.7
CHEMBL2386411,,CCCN1C/C(=C\c2cc(c(cc2)OC)OC)/C(=O)/C(=C/c3cc(c(cc3)OC)OC)/C1,,437.53,7,,3.1,2,0.4
CHEMBL2403862,,CC(O)(c1n(c2c(n1)cc(cc2)Cl)[C@H]3CC[C@H](CC3)NC[C@H]4Cc5c(ccc(c5)C#N)C4)C,,463.01,9.8,,2.6,3,0.2
CHEMBL3181841,,Cn1cc(c2c1cccc2)C(=O)[C@@H]3CCc4c(nc[nH]4)C3.Cl,,315.8,6.3,,2.4,3,0.5
CHEMBL3182267,,CCC(=C(c1ccccc1)c2ccccc2)CN.Cl,,273.8,9.4,,1.8,2,36.5
CHEMBL3182781,,c1ccc2c(c1)cccc2NC(=S)N,,202.28,,11.7,2.5,2,5
CHEMBL3185434,,Cc1c(c2ccc(cc2n1c3ccc(cc3)OC)O)[N+](=O)[O-],,298.29,,9.9,3,3,2.8
CHEMBL3191673,,Cc1cc(=O)[nH]c(n1)N/N=C/c2ccc(cc2)N(C)C,,271.32,7.8,9.9,1.9,1,0.6
CHEMBL3194444,,COc1cccc(c1OC)/C=N/Nc2[nH]c3ccccc3n2,,296.32,8.2,11,2.2,3,0.2
CHEMBL3197327,,c1ccc(cc1)/C=N/Nc2nc(nc(n2)N3CCCCCC3)N4CCCCCC4,,393.53,10.4,,2.4,2,9.9
CHEMBL3197983,,Cc1nnc(n1/N=C\c2cccc(c2OC)OC)C,,260.29,7.2,,0.9,2,51.2
CHEMBL3198028,,C/C(=N\NC(=S)N)/c1ccncc1,,194.26,5.7,8.3,0.9,1,8.3
CHEMBL3209071,,Cc1ccc(cc1Cl)/N=C\2/N(CCCS2)C(=O)c3ccco3,,334.82,2.5,,3.1,2,35.6
CHEMBL3209147,,CS/C(=N\C#N)/N1CCN(CC1)c2ccccn2,,261.35,5.3,,2.4,1,21.2
CHEMBL3209484,,C/N=C/1\c2cc3cc(ccc3n2CCN1C)OC.Cl,,279.77,9.9,,0.2,2,0.4
CHEMBL3213506,,c1cc(n(c1)c2ccc(cc2)Br)/C=N/n3cnnc3,,316.16,7.3,,1.7,3,23.1
CHEMBL3213668,,Cc1cc(cc(c1)NC(=O)CN2CCN(CC2)CCNC=C3C(=O)CC(CC3=O)(C)C)C,,440.58,5.9,,1.9,1,3.5
CHEMBL3274851,,c1ccc(c(c1)C2=NCC(=O)Nc3c2cc(cc3)Br)F,,333.16,3.1,11.3,3.1,2,66.7
CHEMBL3335676,,c1c[nH]c2c1nc(cn2)NC(=O)NC3CCCCC3,,259.31,2.8,12,2.7,2,14.2
CHEMBL3344130,,CN(C)CCCNCc1ccc(c(c1)OC)OCc2ccc(nc2)Cl,,363.88,9,,1.3,2,0.1
CHEMBL3353994,,C[C@H]1C[C@H](c2cc(ccc2N1C(=O)C)c3ccc(cc3)CN4CCCCC4)N,,377.52,9.2,,1.9,2,0.3
CHEMBL3359454,,c1ccc2c(c1)ccc(n2)/C=C/c3ccc(o3)[N+](=O)[O-],,266.25,5.5,,3.3,3,21.3
CHEMBL3431069,,c1ccc(cc1)c2cc(nc(n2)N)c3[nH]c4c(n3)cccn4,,288.31,4,8.8,2.7,4,0.2
CHEMBL3431627,,COc1ccc(cc1S(=O)(=O)N2CCc3c2cc(cc3)C(=O)Nc4nc(cs4)CC(=O)O)Cl,,507.97,,3.8,0.3,3,17.9
CHEMBL3447485,,Cn1ccnc1c2c(cnc(n2)NCCOC)c3cccc(c3)OC,,339.39,4,,2.6,3,59.5
CHEMBL3450375,,Cc1cnc(s1)Nc2c(nccn2)C3CCN(CC3)C,,289.4,8.3,,1.4,2,0.7
CHEMBL3487252,,CCN1CCN(CC1)c2ncc(c(n2)c3ccoc3C)c4cc(no4)C,,353.42,8.2,,2,3,2.1
